WAVE_ID,Hits,eCount,FireRate1,ShotSpeed1,Health1,FireRate2,ShotSpeed2,Health2,FireRate3,ShotSpeed3,Health3,FireRate4,ShotSpeed4,Health4,FireRate5,ShotSpeed5,Health5,FireRate6,ShotSpeed6,Health6
126,19,5,85.0,0.0803888,22,84.0,0.1707546,30,54.0,0.4914809,16,75.0,0.1460054,9,78.0,0.4342577,14,0,0,0
127,8,5,86.0,0.2425896,23,95.0,0.3053297,23,8.0,0.3358068,7,94.0,0.5060779,9,20.0,0.332286,19,0,0,0
128,6,5,16.0,0.2068503,19,93.0,0.03039248,9,66.0,0.4325224,2,112.0,0.3515683,22,108.0,0.3718182,10,0,0,0
129,11,5,81.0,0.4241031,16,48.0,0.4731196,15,48.0,0.4808322,4,23.0,0.07415481,20,114.0,0.05941202,26,0,0,0
130,6,5,15.0,0.3757003,3,35.0,0.1189681,14,22.0,0.4815273,10,8.0,0.2452916,14,98.0,0.2408403,1,0,0,0
131,9,5,75.0,0.2025837,8,21.0,0.4502512,5,35.0,0.09368803,6,8.0,0.1208172,3,62.0,0.5045536,8,0,0,0
132,14,5,25.0,0.4623062,22,58.0,0.3252437,6,52.0,0.490959,29,118.0,0.483806,19,52.0,0.2703976,17,0,0,0
133,16,5,102.0,0.1660788,19,51.0,0.2734999,10,71.0,0.3995549,23,97.0,0.2033829,20,42.0,0.4134928,14,0,0,0
134,8,5,51.0,0.3336314,12,91.0,0.2998682,8,107.0,0.5012308,7,77.0,0.3112213,17,85.0,0.01168061,23,0,0,0
135,12,5,66.0,0.1388451,4,15.0,0.389268,10,58.0,0.3240925,23,102.0,0.1850149,25,47.0,0.1697346,10,0,0,0
136,11,5,33.0,0.2629546,13,82.0,0.4313481,21,66.0,0.3288696,6,47.0,0.3630989,16,21.0,0.2692173,2,0,0,0
137,12,5,23.0,0.3975387,21,45.0,0.3585666,17,34.0,0.3987523,10,11.0,0.2014563,6,19.0,0.2757398,13,0,0,0
273,8,5,12.0,0.5059074,5,70.0,0.1150297,16,61.0,0.2863978,24,115.0,0.2572959,17,6.0,0.06814142,1,0,0,0
274,7,5,25.0,0.2814029,11,20.0,0.2178786,14,8.0,0.3370295,8,14.0,0.3042656,3,102.0,0.2730873,30,0,0,0
275,8,5,6.0,0.3432346,18,120.0,0.3135124,15,47.0,0.471767,23,42.0,0.1131013,1,50.0,0.02097125,4,0,0,0
276,15,5,105.0,0.3272913,6,36.0,0.3587228,24,42.0,0.4902516,19,82.0,0.4245503,20,103.0,0.2132701,18,0,0,0
277,11,5,76.0,0.1705882,3,51.0,0.4702148,20,46.0,0.4655792,13,58.0,0.1381104,14,78.0,0.2922337,6,0,0,0
278,18,5,63.0,0.4637413,8,99.0,0.2779495,20,12.0,0.2853236,18,111.0,0.2672172,16,85.0,0.2972536,23,0,0,0
279,16,5,58.0,0.4316419,9,118.0,0.0620447,1,31.0,0.2038396,22,21.0,0.06886418,27,36.0,0.448943,10,0,0,0
280,19,5,118.0,0.2612201,20,52.0,0.2024825,14,42.0,0.2724803,27,107.0,0.1622261,13,66.0,0.2533756,23,0,0,0
281,5,5,17.0,0.1022063,3,107.0,0.03700657,2,11.0,0.3493661,11,84.0,0.404738,8,93.0,0.2974785,12,0,0,0
282,19,5,109.0,0.1040491,24,100.0,0.07439496,22,89.0,0.5068951,28,55.0,0.3270126,23,52.0,0.05278815,7,0,0,0
283,12,5,84.0,0.2359089,16,37.0,0.189548,11,103.0,0.4588483,22,14.0,0.07787897,5,38.0,0.1122853,7,0,0,0
284,21,5,82.0,0.07455142,25,57.0,0.3995331,12,15.0,0.255106,27,86.0,0.1430934,12,11.0,0.4060664,10,0,0,0
420,23,5,51.0,0.01107425,27,82.0,0.2267432,24,20.0,0.3531582,21,101.0,0.4124458,12,118.0,0.1429057,9,0,0,0
421,14,5,110.0,0.07593723,8,39.0,0.160982,9,76.0,0.4829199,26,78.0,0.286614,25,73.0,0.1418663,28,0,0,0
422,5,5,102.0,0.1546554,24,77.0,0.4947928,8,91.0,0.2230754,24,55.0,0.08322056,29,8.0,0.2877682,24,0,0,0
423,18,5,103.0,0.3546448,8,119.0,0.1935705,1,89.0,0.2894205,22,47.0,0.2566773,16,22.0,0.2626456,18,0,0,0
424,22,5,22.0,0.3965786,5,16.0,0.4799319,24,48.0,0.3415827,22,25.0,0.2881454,8,44.0,0.3184622,19,0,0,0
425,12,5,112.0,0.2333411,25,66.0,0.4037417,18,50.0,0.04023977,17,104.0,0.246206,23,86.0,0.06534375,22,0,0,0
426,11,5,47.0,0.4335542,9,5.0,0.3333527,4,40.0,0.3736406,21,83.0,0.4185172,2,116.0,0.1652761,17,0,0,0
427,14,5,6.0,0.4781553,20,106.0,0.08017804,13,51.0,0.4243381,22,22.0,0.1783395,6,80.0,0.4195127,8,0,0,0
428,13,5,104.0,0.1949737,21,61.0,0.2797148,5,68.0,0.3047305,28,110.0,0.08188881,23,107.0,0.3732344,15,0,0,0
429,15,5,37.0,0.3957739,28,38.0,0.3354605,17,78.0,0.3223642,3,92.0,0.1263856,7,101.0,0.4455429,1,0,0,0
430,19,5,24.0,0.5035782,5,47.0,0.02540029,29,35.0,0.3676993,20,56.0,0.1820104,20,25.0,0.1082657,13,0,0,0
431,9,5,51.0,0.2103675,13,32.0,0.4635406,8,22.0,0.1614592,4,85.0,0.1333321,28,73.0,0.4699337,16,0,0,0
567,7,5,49.0,0.4189558,6,97.0,0.3542916,14,108.0,0.07370038,20,104.0,0.1560538,14,112.0,0.2411893,22,0,0,0
568,5,5,11.0,0.1919331,16,97.0,0.3228199,4,25.0,0.2677155,2,68.0,0.3022979,16,58.0,0.1115612,21,0,0,0
569,21,5,8.0,0.02190859,16,57.0,0.2432572,26,24.0,0.2489423,26,118.0,0.248635,5,105.0,0.3836577,13,0,0,0
570,13,5,31.0,0.445048,7,78.0,0.1246518,25,34.0,0.4164911,4,111.0,0.3994156,12,45.0,0.3186353,10,0,0,0
571,9,5,54.0,0.2282887,9,87.0,0.1943271,7,99.0,0.2672952,18,35.0,0.1196714,24,118.0,0.2493583,1,0,0,0
572,15,5,74.0,0.06124391,14,36.0,0.1344096,19,43.0,0.4999468,3,38.0,0.4516416,7,71.0,0.2055397,20,0,0,0
573,17,5,77.0,0.1171098,14,20.0,0.182195,29,80.0,0.1007888,18,51.0,0.3851452,29,82.0,0.4212363,10,0,0,0
574,22,5,102.0,0.394301,29,107.0,0.4396683,21,88.0,0.32331,26,67.0,0.2262825,22,11.0,0.2733279,12,0,0,0
575,7,5,72.0,0.3629267,30,88.0,0.2897966,10,6.0,0.3907154,5,62.0,0.3318736,13,96.0,0.4896059,9,0,0,0
576,16,5,13.0,0.06361903,12,98.0,0.4359487,28,33.0,0.1594631,19,74.0,0.3241021,3,87.0,0.278166,15,0,0,0
577,12,5,109.0,0.3604914,27,96.0,0.1630103,28,33.0,0.06083371,26,112.0,0.06854118,10,92.0,0.01426364,10,0,0,0
578,14,5,14.0,0.2278358,2,23.0,0.3819248,23,18.0,0.480566,7,116.0,0.08306439,27,85.0,0.44265,27,0,0,0
714,4,5,118.0,0.03312893,21,103.0,0.1744795,5,61.0,0.2324221,13,35.0,0.1697158,14,89.0,0.2599895,17,0,0,0
715,15,5,109.0,0.0248871,28,33.0,0.1950006,30,116.0,0.3673066,5,107.0,0.2892971,15,56.0,0.4724571,25,0,0,0
716,11,5,119.0,0.1118008,26,7.0,0.07350929,10,45.0,0.2200436,29,74.0,0.1677118,20,81.0,0.1584657,26,0,0,0
717,0,5,38.0,0.1855233,24,38.0,0.0667683,27,102.0,0.1140246,28,105.0,0.2424096,3,9.0,0.2761132,19,0,0,0
718,29,5,106.0,0.4500939,23,78.0,0.06737621,2,52.0,0.2952735,27,49.0,0.4057313,28,29.0,0.4878497,20,0,0,0
719,14,5,68.0,0.3209982,10,95.0,0.4105388,9,95.0,0.4202121,18,117.0,0.3916298,28,108.0,0.3214273,21,0,0,0
720,10,5,95.0,0.2935623,9,73.0,0.1214708,19,47.0,0.1055497,2,20.0,0.05805005,4,120.0,0.3908631,29,0,0,0
721,7,5,22.0,0.2368377,14,100.0,0.04116376,8,92.0,0.356537,29,109.0,0.0754822,18,110.0,0.1115564,29,0,0,0
722,11,5,115.0,0.09752949,21,87.0,0.5049666,15,55.0,0.1636815,12,64.0,0.03142358,20,82.0,0.08143093,23,0,0,0
723,26,5,44.0,0.1383853,17,43.0,0.02243615,28,99.0,0.06251951,25,96.0,0.2657146,18,56.0,0.4941503,29,0,0,0
724,11,5,44.0,0.1028288,15,12.0,0.2893101,28,27.0,0.3661378,10,40.0,0.02061768,7,40.0,0.1100633,11,0,0,0
725,12,5,82.0,0.469103,6,93.0,0.3092264,13,72.0,0.1988805,24,62.0,0.05052532,26,118.0,0.296439,10,0,0,0
861,11,5,30.0,0.2819005,29,111.0,0.1827872,5,103.0,0.2321621,15,48.0,0.07321347,21,79.0,0.08177043,12,0,0,0
862,15,5,17.0,0.3121234,6,62.0,0.1805997,20,8.0,0.1081859,17,43.0,0.4579274,11,71.0,0.2584943,21,0,0,0
863,20,5,86.0,0.01121146,19,70.0,0.1794158,26,117.0,0.01919128,27,88.0,0.2942751,28,50.0,0.4958435,26,0,0,0
864,11,5,11.0,0.171423,11,16.0,0.5030473,11,10.0,0.1657265,7,34.0,0.1063707,28,28.0,0.03864558,23,0,0,0
865,8,5,90.0,0.02192856,11,115.0,0.1130134,6,111.0,0.3786782,19,43.0,0.04292895,11,117.0,0.1641109,22,0,0,0
866,15,5,105.0,0.4951624,20,77.0,0.05912663,30,59.0,0.01564009,23,79.0,0.4907154,6,88.0,0.4465654,12,0,0,0
867,15,5,74.0,0.3402336,6,116.0,0.4614812,15,55.0,0.2813301,14,111.0,0.161278,18,10.0,0.3727878,23,0,0,0
868,6,5,67.0,0.432579,3,103.0,0.05866666,20,60.0,0.02529318,17,95.0,0.4570732,14,70.0,0.05553193,10,0,0,0
869,16,5,38.0,0.4684739,19,109.0,0.4495723,25,76.0,0.1932507,15,69.0,0.3043293,9,73.0,0.1581664,6,0,0,0
870,29,5,108.0,0.1073594,17,41.0,0.2526579,10,47.0,0.06814279,17,24.0,0.0236658,24,14.0,0.4883524,17,0,0,0
871,11,5,49.0,0.2224155,15,73.0,0.2254634,19,87.0,0.2319878,3,85.0,0.2636751,17,93.0,0.2958118,27,0,0,0
872,26,5,30.0,0.457657,22,115.0,0.3473091,29,109.0,0.4062387,7,54.0,0.5038197,13,21.0,0.2437757,11,0,0,0
1008,14,5,59.0,0.4243525,30,112.0,0.4883478,10,20.0,0.2964349,17,56.0,0.09921397,4,115.0,0.4121768,1,0,0,0
1009,17,5,33.0,0.412043,26,16.0,0.4705648,3,22.0,0.04673572,12,96.0,0.2664772,29,101.0,0.494718,28,0,0,0
1010,11,5,34.0,0.1365604,11,109.0,0.2664365,10,45.0,0.2268999,8,91.0,0.4166259,25,45.0,0.3028195,1,0,0,0
1011,8,5,88.0,0.2573259,17,47.0,0.06524833,2,117.0,0.3040987,24,47.0,0.2210307,4,47.0,0.1702384,22,0,0,0
1012,11,5,63.0,0.1437818,4,45.0,0.4806397,27,78.0,0.03484054,18,20.0,0.2487623,17,78.0,0.01769061,18,0,0,0
1013,5,5,47.0,0.1275747,7,113.0,0.3679155,20,115.0,0.4255384,7,79.0,0.03187747,7,6.0,0.3327687,29,0,0,0
1014,19,5,61.0,0.3439039,3,37.0,0.03622742,28,69.0,0.2449493,12,14.0,0.3207127,17,55.0,0.2250861,24,0,0,0
1015,22,5,71.0,0.4506851,18,12.0,0.1028631,14,74.0,0.3781169,16,25.0,0.3362475,11,10.0,0.3220713,23,0,0,0
1016,5,5,94.0,0.150951,3,78.0,0.2428606,11,69.0,0.1125062,19,21.0,0.07227935,4,58.0,0.3127117,3,0,0,0
1017,10,5,85.0,0.1194613,19,66.0,0.2243663,10,58.0,0.1439745,30,82.0,0.4243766,17,37.0,0.03771456,8,0,0,0
1018,19,5,117.0,0.4263371,24,54.0,0.06583126,30,43.0,0.247008,29,89.0,0.2106698,29,92.0,0.3176133,19,0,0,0
1019,20,5,40.0,0.2799921,14,86.0,0.1540721,29,19.0,0.3382187,18,33.0,0.4150802,20,37.0,0.1696704,2,0,0,0
1155,25,5,52.0,0.4460759,21,34.0,0.4917825,24,25.0,0.489319,21,103.0,0.1962502,7,74.0,0.193036,14,0,0,0
1156,12,5,56.0,0.09452166,12,21.0,0.3760393,15,51.0,0.3802126,20,103.0,0.06948365,11,101.0,0.3710373,8,0,0,0
1157,7,5,68.0,0.3444174,9,71.0,0.02425427,17,114.0,0.09439225,4,111.0,0.3239092,10,94.0,0.2059461,12,0,0,0
1158,13,5,49.0,0.3495942,10,72.0,0.2029988,8,26.0,0.401421,25,53.0,0.02010245,28,48.0,0.2382389,24,0,0,0
1159,22,5,79.0,0.07574834,23,82.0,0.2877938,21,119.0,0.1952921,26,53.0,0.1382696,20,94.0,0.3579089,13,0,0,0
1160,16,5,51.0,0.4405283,23,102.0,0.1197784,19,119.0,0.1858898,6,46.0,0.09375776,13,31.0,0.3745016,25,0,0,0
1161,13,5,25.0,0.3778485,25,12.0,0.230206,10,20.0,0.2118529,15,31.0,0.502592,5,74.0,0.02357228,10,0,0,0
1162,15,5,38.0,0.44241,16,69.0,0.3464557,9,69.0,0.0611027,6,48.0,0.1807462,23,31.0,0.1583459,28,0,0,0
1163,13,5,78.0,0.0506192,24,112.0,0.1103683,10,78.0,0.1861333,27,73.0,0.1531598,24,58.0,0.3243882,9,0,0,0
1164,14,5,52.0,0.4157607,28,102.0,0.3230911,23,70.0,0.4544559,20,118.0,0.173145,26,102.0,0.3434603,4,0,0,0
1165,7,5,91.0,0.2106563,9,21.0,0.1548431,10,64.0,0.05806549,28,59.0,0.1745506,26,55.0,0.4654331,1,0,0,0
1166,8,5,15.0,0.188539,5,97.0,0.3261037,28,114.0,0.2226506,13,63.0,0.4506322,20,77.0,0.4813885,11,0,0,0
1302,13,5,103.0,0.3969004,25,48.0,0.1490377,13,117.0,0.0578611,18,68.0,0.1874839,9,116.0,0.4120467,26,0,0,0
1303,11,5,120.0,0.1498472,22,73.0,0.4750138,3,118.0,0.1282327,18,45.0,0.1546747,19,47.0,0.08044668,24,0,0,0
1304,13,5,117.0,0.07079037,5,88.0,0.03101338,4,6.0,0.09705128,13,40.0,0.5038588,10,48.0,0.2019788,6,0,0,0
1305,12,5,20.0,0.1977231,8,61.0,0.4658087,22,99.0,0.2106599,11,40.0,0.08610334,2,8.0,0.4787611,4,0,0,0
1306,12,5,26.0,0.1154472,16,40.0,0.2028646,7,98.0,0.08665784,23,119.0,0.2422041,13,71.0,0.4818661,28,0,0,0
1307,12,5,58.0,0.488898,15,56.0,0.1589563,10,7.0,0.01810027,26,111.0,0.4105392,8,54.0,0.3040452,23,0,0,0
1308,10,5,53.0,0.4969717,6,84.0,0.135953,19,36.0,0.2218402,10,32.0,0.01785035,23,93.0,0.3212035,8,0,0,0
1309,22,5,22.0,0.4455444,18,45.0,0.4943509,21,55.0,0.3780589,21,37.0,0.2626636,15,90.0,0.3956782,28,0,0,0
1310,5,5,26.0,0.1264116,21,69.0,0.0600415,14,12.0,0.1718778,3,87.0,0.02543355,13,91.0,0.2082839,1,0,0,0
1311,15,5,38.0,0.1738406,13,45.0,0.216856,16,44.0,0.164503,23,53.0,0.03885175,9,25.0,0.4317652,5,0,0,0
1312,7,5,105.0,0.1755323,19,69.0,0.3674814,30,6.0,0.1858185,21,32.0,0.1666315,22,117.0,0.1800063,6,0,0,0
1313,23,5,53.0,0.3799498,13,67.0,0.1139124,29,105.0,0.04439868,4,23.0,0.3749353,25,53.0,0.3997412,7,0,0,0
1449,9,5,107.0,0.183466,28,7.0,0.1945712,13,35.0,0.2493835,18,108.0,0.1357897,2,73.0,0.2993344,20,0,0,0
1450,18,5,87.0,0.3387904,14,33.0,0.4237913,26,108.0,0.1218649,9,87.0,0.0954652,16,35.0,0.4370002,12,0,0,0
1451,8,5,68.0,0.1927676,5,35.0,0.1288816,9,24.0,0.1916058,3,57.0,0.1213802,20,39.0,0.2201104,29,0,0,0
1452,14,5,105.0,0.4636935,8,53.0,0.3690545,17,78.0,0.4647391,15,59.0,0.2792888,13,61.0,0.3421356,13,0,0,0
1453,16,5,58.0,0.5091042,28,77.0,0.3418163,19,17.0,0.4871475,2,7.0,0.1441124,28,86.0,0.3806719,11,0,0,0
1454,10,5,82.0,0.2298116,15,111.0,0.3122414,7,66.0,0.1678258,12,16.0,0.05718191,22,99.0,0.2645238,4,0,0,0
1455,15,5,106.0,0.3523436,23,68.0,0.1637472,8,52.0,0.1770329,22,92.0,0.4047312,10,90.0,0.1771594,8,0,0,0
1456,14,5,71.0,0.3487493,4,79.0,0.4806181,18,28.0,0.416935,3,19.0,0.3382145,6,28.0,0.4786673,13,0,0,0
1457,11,5,29.0,0.1289921,27,103.0,0.2381921,13,59.0,0.02905936,14,92.0,0.06876196,17,83.0,0.2373672,6,0,0,0
1458,22,5,117.0,0.2713538,9,21.0,0.06465794,23,8.0,0.02676691,13,39.0,0.3825445,23,16.0,0.4770398,4,0,0,0
1459,20,5,99.0,0.351431,5,20.0,0.4783696,23,90.0,0.04792883,28,77.0,0.06905623,15,106.0,0.3659354,17,0,0,0
1460,13,5,41.0,0.3126152,10,105.0,0.3719009,10,73.0,0.2000603,14,45.0,0.2740496,24,47.0,0.3595819,9,0,0,0
1596,18,5,21.0,0.218539,18,20.0,0.4941416,20,49.0,0.2227832,9,47.0,0.2623194,26,35.0,0.3333125,6,0,0,0
1597,10,5,65.0,0.2688852,11,95.0,0.102636,15,69.0,0.2973418,9,99.0,0.507534,15,112.0,0.04890324,28,0,0,0
1598,17,5,66.0,0.4354198,13,114.0,0.04686226,17,64.0,0.2067582,20,54.0,0.4636543,10,68.0,0.4180751,18,0,0,0
1599,13,5,29.0,0.5062554,8,49.0,0.2351561,16,55.0,0.165183,17,103.0,0.2534056,27,10.0,0.03301425,22,0,0,0
1600,10,5,67.0,0.4061515,13,84.0,0.4568973,27,88.0,0.4536762,15,102.0,0.2163685,11,95.0,0.4490163,18,0,0,0
1601,16,5,78.0,0.4481742,21,56.0,0.3643295,25,24.0,0.1792329,16,114.0,0.3320351,7,20.0,0.2367525,13,0,0,0
1602,13,5,61.0,0.06358744,17,10.0,0.389237,6,44.0,0.1440456,27,51.0,0.1197562,21,29.0,0.4030647,4,0,0,0
1603,14,5,74.0,0.4445739,20,94.0,0.03879817,1,8.0,0.09580721,22,87.0,0.0136636,27,70.0,0.2506624,17,0,0,0
1604,11,5,112.0,0.07720323,28,44.0,0.4522931,11,49.0,0.3964639,12,76.0,0.3581081,5,78.0,0.4701766,9,0,0,0
1605,10,5,48.0,0.06890722,14,99.0,0.02960725,19,63.0,0.2419397,5,77.0,0.4821685,13,109.0,0.05240811,15,0,0,0
1606,15,5,110.0,0.4740482,28,61.0,0.4357091,14,27.0,0.05219473,13,95.0,0.1451208,28,119.0,0.3875617,22,0,0,0
1607,8,5,77.0,0.1334034,19,14.0,0.1781856,19,56.0,0.302198,12,106.0,0.1264441,21,68.0,0.308468,24,0,0,0
1743,19,5,8.0,0.4786593,12,8.0,0.4039886,27,6.0,0.2243653,27,10.0,0.4261617,6,47.0,0.2279352,10,0,0,0
1744,18,5,72.0,0.3512011,4,25.0,0.09342779,1,71.0,0.3145238,28,38.0,0.01131583,9,30.0,0.2552812,20,0,0,0
1745,15,5,51.0,0.5006753,29,7.0,0.1500855,3,43.0,0.4863791,28,50.0,0.4382942,6,113.0,0.06904395,5,0,0,0
1746,11,5,71.0,0.4676439,25,82.0,0.4041699,1,75.0,0.3623175,29,84.0,0.3686707,6,104.0,0.195318,23,0,0,0
1747,17,5,105.0,0.3573351,20,49.0,0.4324263,2,26.0,0.2863146,25,89.0,0.2212583,12,11.0,0.4236658,4,0,0,0
1748,4,5,116.0,0.4015505,10,40.0,0.1539453,6,19.0,0.3302262,22,6.0,0.1685263,12,116.0,0.3326061,10,0,0,0
1749,8,5,61.0,0.3083976,14,6.0,0.1869543,9,114.0,0.1128775,28,55.0,0.4122335,24,87.0,0.09927304,11,0,0,0
1750,18,5,43.0,0.2463989,2,75.0,0.1563642,8,113.0,0.04546697,16,15.0,0.2801341,16,41.0,0.2373111,24,0,0,0
1751,22,5,18.0,0.2115676,7,79.0,0.0812514,27,115.0,0.407504,28,23.0,0.1336693,16,45.0,0.3776645,19,0,0,0
1752,18,5,73.0,0.2193608,12,26.0,0.05029936,8,108.0,0.155857,16,89.0,0.2886014,14,26.0,0.453308,2,0,0,0
1753,12,5,117.0,0.4030212,7,56.0,0.2100109,27,13.0,0.02635015,1,77.0,0.2983773,9,59.0,0.2868407,15,0,0,0
1754,19,5,107.0,0.3157211,11,103.0,0.05238248,20,56.0,0.4276425,3,30.0,0.3801428,16,54.0,0.2184103,23,0,0,0
1890,12,5,96.0,0.03862925,15,73.0,0.3148809,27,45.0,0.08746828,4,98.0,0.1685286,10,32.0,0.01747681,10,0,0,0
1891,11,5,81.0,0.1115818,5,75.0,0.113033,19,85.0,0.4007796,28,29.0,0.09148498,12,100.0,0.4633502,28,0,0,0
1892,19,5,51.0,0.4534023,16,11.0,0.05238952,8,64.0,0.1217277,21,51.0,0.08575286,10,29.0,0.4973124,11,0,0,0
1893,15,5,26.0,0.07996191,18,37.0,0.4618672,6,40.0,0.3607893,30,92.0,0.4531447,30,112.0,0.1466779,11,0,0,0
1894,22,5,31.0,0.4049566,16,80.0,0.1568024,10,37.0,0.4967287,25,96.0,0.05029751,16,57.0,0.3302146,26,0,0,0
1895,20,5,66.0,0.2396984,7,85.0,0.4242786,27,15.0,0.3516213,20,101.0,0.2270143,7,102.0,0.3644499,14,0,0,0
1896,8,5,14.0,0.1496733,4,59.0,0.3324485,16,83.0,0.2254194,8,96.0,0.4868987,26,72.0,0.09888639,26,0,0,0
1897,21,5,66.0,0.182427,18,5.0,0.4559855,24,114.0,0.4564151,23,117.0,0.1245481,26,23.0,0.2819558,23,0,0,0
1898,23,5,96.0,0.3779928,16,18.0,0.01619173,30,115.0,0.3736192,18,59.0,0.491438,15,64.0,0.3679592,30,0,0,0
1899,22,5,14.0,0.2985969,24,93.0,0.1016549,22,51.0,0.2647477,29,31.0,0.4017233,21,75.0,0.02385015,27,0,0,0
1900,5,5,26.0,0.4975957,15,69.0,0.3209258,8,43.0,0.1477138,11,62.0,0.06725271,2,101.0,0.05075242,8,0,0,0
1901,6,5,60.0,0.1828755,11,11.0,0.02615936,10,62.0,0.1328999,10,83.0,0.1817059,15,108.0,0.01952107,10,0,0,0
2037,20,5,92.0,0.1460463,20,113.0,0.1596188,29,33.0,0.206266,28,100.0,0.1486635,24,45.0,0.1475457,22,0,0,0
2038,8,5,79.0,0.4864302,2,52.0,0.4236281,2,106.0,0.3025695,20,119.0,0.4346601,7,47.0,0.1419609,23,0,0,0
2039,12,5,21.0,0.2009496,24,65.0,0.125221,11,115.0,0.2110791,19,57.0,0.4462256,15,104.0,0.3670456,13,0,0,0
2040,21,5,21.0,0.4926825,15,25.0,0.4275475,18,90.0,0.09531756,23,12.0,0.02200444,17,61.0,0.2972473,27,0,0,0
2041,5,5,5.0,0.1883858,17,28.0,0.2519241,7,102.0,0.1124633,24,111.0,0.3479608,2,42.0,0.1049363,6,0,0,0
2042,12,5,23.0,0.2385576,23,105.0,0.1187939,10,73.0,0.41317,10,64.0,0.08287175,14,13.0,0.01639028,27,0,0,0
2043,25,5,102.0,0.2936696,29,112.0,0.1164592,5,29.0,0.3639602,26,31.0,0.2316558,20,114.0,0.3576931,16,0,0,0
2044,12,5,103.0,0.2845103,19,110.0,0.354109,18,99.0,0.3511405,23,35.0,0.01053918,1,64.0,0.1351093,26,0,0,0
2045,2,5,106.0,0.3973267,2,43.0,0.03750958,12,106.0,0.3902065,22,106.0,0.292828,14,86.0,0.0888799,14,0,0,0
2046,14,5,94.0,0.3032701,3,88.0,0.5023716,30,55.0,0.3533563,13,112.0,0.260022,27,11.0,0.01512218,9,0,0,0
2047,12,5,87.0,0.1010644,20,11.0,0.09471734,4,91.0,0.1688199,23,113.0,0.05231084,25,20.0,0.2360185,7,0,0,0
2048,6,5,69.0,0.2076388,13,50.0,0.02169211,29,88.0,0.1274391,6,57.0,0.01817943,7,49.0,0.486388,1,0,0,0
2184,17,5,75.0,0.4346691,27,84.0,0.3608558,14,105.0,0.08046897,8,47.0,0.2357561,28,48.0,0.3827585,26,0,0,0
2185,22,5,14.0,0.4940946,25,72.0,0.1364177,15,37.0,0.2960069,26,51.0,0.2451808,27,28.0,0.02674128,16,0,0,0
2186,16,5,68.0,0.1535868,13,105.0,0.4370082,28,51.0,0.281748,3,95.0,0.02521069,12,36.0,0.3013251,9,0,0,0
2187,12,5,39.0,0.2448138,7,39.0,0.3365577,15,30.0,0.2147232,22,80.0,0.154358,7,85.0,0.1539536,22,0,0,0
2188,16,5,108.0,0.4752399,29,112.0,0.2620663,9,39.0,0.4530382,8,28.0,0.3185064,22,83.0,0.4267974,5,0,0,0
2189,22,5,76.0,0.2015723,16,79.0,0.4537216,24,16.0,0.384347,29,69.0,0.095513,6,85.0,0.2653849,15,0,0,0
2190,21,5,9.0,0.3809706,14,52.0,0.3832373,15,87.0,0.501903,30,75.0,0.2707874,11,74.0,0.4766017,29,0,0,0
2191,12,5,16.0,0.2618726,12,49.0,0.4710523,26,84.0,0.3779145,14,101.0,0.1550224,28,10.0,0.167212,19,0,0,0
2192,5,5,116.0,0.09251662,15,70.0,0.3213789,16,16.0,0.2000743,5,76.0,0.4888344,15,115.0,0.1227235,4,0,0,0
2193,11,5,96.0,0.4954801,2,54.0,0.05989583,24,108.0,0.1915493,3,54.0,0.5069644,24,84.0,0.3002451,3,0,0,0
2194,9,5,56.0,0.1725121,17,6.0,0.2292223,7,115.0,0.4335625,16,54.0,0.03020866,2,73.0,0.3980975,29,0,0,0
2195,5,5,7.0,0.4860126,12,100.0,0.2059758,6,120.0,0.3797209,26,9.0,0.2192002,21,115.0,0.2044841,11,0,0,0
2331,11,5,84.0,0.09957911,29,6.0,0.3220955,29,115.0,0.1699007,19,63.0,0.409089,7,47.0,0.05845626,25,0,0,0
2332,14,5,49.0,0.3220988,10,107.0,0.3152934,18,90.0,0.1500908,22,54.0,0.4317599,15,67.0,0.2287851,6,0,0,0
2333,16,5,37.0,0.3983638,21,71.0,0.4627085,3,55.0,0.2006647,17,29.0,0.3948814,9,107.0,0.3207708,11,0,0,0
2334,17,5,46.0,0.2065226,20,37.0,0.1321252,4,105.0,0.3892882,23,32.0,0.2585287,16,60.0,0.2827599,4,0,0,0
2335,18,5,9.0,0.3132129,29,7.0,0.115775,21,72.0,0.3857673,22,32.0,0.4494129,6,85.0,0.4839203,14,0,0,0
2336,6,5,30.0,0.07793577,16,118.0,0.160002,7,58.0,0.1338472,20,97.0,0.1088435,5,60.0,0.1193428,29,0,0,0
2337,13,5,106.0,0.3134085,16,93.0,0.4077976,4,11.0,0.4098667,27,53.0,0.5045303,10,31.0,0.1201347,2,0,0,0
2338,10,5,35.0,0.06517489,29,101.0,0.2654124,12,69.0,0.03076745,20,74.0,0.1712744,2,77.0,0.4191671,8,0,0,0
2339,16,5,39.0,0.08167262,11,114.0,0.4966477,14,47.0,0.3265515,27,117.0,0.3548297,13,42.0,0.1466403,28,0,0,0
2340,12,5,24.0,0.4099786,8,66.0,0.5069839,4,61.0,0.4768096,25,80.0,0.04521783,23,78.0,0.503006,17,0,0,0
2341,20,5,95.0,0.2378067,7,23.0,0.1981571,15,119.0,0.3141719,9,19.0,0.2146325,29,50.0,0.4408419,13,0,0,0
2342,9,5,63.0,0.1411736,16,23.0,0.4437653,2,92.0,0.1619503,9,85.0,0.4090374,30,85.0,0.3133991,8,0,0,0
2478,16,5,33.0,0.3837743,18,71.0,0.2078413,11,39.0,0.4491867,18,100.0,0.4008651,14,35.0,0.3587652,6,0,0,0
2479,15,5,57.0,0.05979146,14,71.0,0.2661128,17,96.0,0.3027537,17,32.0,0.4341852,19,117.0,0.2212774,7,0,0,0
2480,24,5,43.0,0.3493853,30,92.0,0.3387624,7,111.0,0.3182829,28,31.0,0.09275122,28,71.0,0.4787099,23,0,0,0
2481,21,5,86.0,0.4200497,23,54.0,0.09528817,14,30.0,0.3505009,21,119.0,0.1224294,15,112.0,0.2165268,18,0,0,0
2482,12,5,43.0,0.1311575,13,45.0,0.3036664,9,88.0,0.08685614,25,13.0,0.02991677,13,106.0,0.2566319,10,0,0,0
2483,1,5,95.0,0.1964034,19,46.0,0.2262325,15,7.0,0.3409177,12,120.0,0.07052685,8,9.0,0.1899107,3,0,0,0
2484,13,5,113.0,0.09694751,12,79.0,0.2979423,23,82.0,0.01605411,24,104.0,0.454635,19,16.0,0.2653071,3,0,0,0
2485,8,5,62.0,0.3821132,25,84.0,0.01635195,9,10.0,0.2265743,22,50.0,0.2925074,5,15.0,0.05063476,8,0,0,0
2486,7,5,5.0,0.4324822,20,17.0,0.03102012,14,114.0,0.05013271,16,101.0,0.3776432,25,97.0,0.1466809,5,0,0,0
2487,20,5,85.0,0.4032308,6,14.0,0.1437444,15,54.0,0.4131535,25,21.0,0.395601,1,49.0,0.4841475,22,0,0,0
2488,8,5,77.0,0.172329,12,105.0,0.4106061,10,73.0,0.2552512,6,45.0,0.3288882,6,103.0,0.03883584,21,0,0,0
2489,14,5,9.0,0.04656358,13,103.0,0.2006007,8,29.0,0.04529543,11,67.0,0.2382654,7,14.0,0.2646613,25,0,0,0
2625,5,5,114.0,0.3719631,10,85.0,0.4089143,4,87.0,0.4781438,7,63.0,0.09254135,5,113.0,0.01402802,27,0,0,0
2626,11,5,95.0,0.2978157,28,33.0,0.1433416,2,13.0,0.3576587,12,24.0,0.03583218,22,47.0,0.08820511,21,0,0,0
2627,23,5,115.0,0.4699511,14,108.0,0.1410541,15,63.0,0.4778163,18,39.0,0.3815341,8,36.0,0.4838516,22,0,0,0
2628,6,5,20.0,0.09270532,5,84.0,0.1238724,5,109.0,0.0911506,16,62.0,0.03908952,5,91.0,0.234001,22,0,0,0
2629,3,5,24.0,0.3053887,20,102.0,0.3752674,27,39.0,0.1960318,17,6.0,0.2758384,3,55.0,0.1463359,3,0,0,0
2630,10,5,99.0,0.04155172,12,119.0,0.2805885,23,77.0,0.2590787,10,49.0,0.2116873,28,82.0,0.2060408,26,0,0,0
2631,14,5,56.0,0.362097,17,107.0,0.1586431,7,35.0,0.1583581,14,61.0,0.3632506,26,51.0,0.3037986,18,0,0,0
2632,11,5,76.0,0.4517512,19,81.0,0.04280253,16,12.0,0.2906727,23,92.0,0.3836763,7,85.0,0.2834483,10,0,0,0
2633,13,5,20.0,0.3062003,14,50.0,0.111361,14,15.0,0.1888794,28,56.0,0.1152131,26,68.0,0.440192,13,0,0,0
2634,15,5,55.0,0.3420884,26,62.0,0.4887295,15,105.0,0.28791,20,72.0,0.1525359,18,88.0,0.3619485,13,0,0,0
2635,22,5,37.0,0.1596937,30,24.0,0.117136,21,94.0,0.4807848,23,71.0,0.4340407,29,6.0,0.1206846,5,0,0,0
2636,8,5,32.0,0.1791717,23,95.0,0.04366304,7,46.0,0.2279219,16,77.0,0.365735,4,20.0,0.2549198,2,0,0,0
2772,23,5,23.0,0.1321456,21,65.0,0.4120612,24,46.0,0.08869304,18,12.0,0.4849126,26,109.0,0.2179198,7,0,0,0
2773,13,5,70.0,0.1568579,20,100.0,0.4444447,27,110.0,0.2368766,7,35.0,0.1897417,9,96.0,0.5012234,14,0,0,0
2774,8,5,19.0,0.2201381,20,60.0,0.3703898,9,116.0,0.4609317,18,15.0,0.2006631,25,117.0,0.08867909,15,0,0,0
2775,8,5,68.0,0.475939,21,33.0,0.02830268,13,59.0,0.07460876,17,34.0,0.2235936,1,95.0,0.1494119,29,0,0,0
2776,12,5,71.0,0.1815687,2,23.0,0.09970905,4,35.0,0.5036272,19,38.0,0.2488742,22,72.0,0.4574434,17,0,0,0
2777,20,5,112.0,0.3181624,27,61.0,0.3757497,11,86.0,0.07280268,7,10.0,0.4935693,12,62.0,0.4911779,2,0,0,0
2778,23,5,82.0,0.3042952,20,65.0,0.4059454,19,22.0,0.1803758,27,59.0,0.3852788,26,73.0,0.425791,16,0,0,0
2779,31,5,85.0,0.06183369,25,36.0,0.4502845,25,55.0,0.08260788,24,12.0,0.494462,29,119.0,0.188636,2,0,0,0
2780,16,5,8.0,0.2214892,26,110.0,0.3064415,27,69.0,0.0970533,29,117.0,0.1803186,28,14.0,0.06508388,24,0,0,0
2781,13,5,72.0,0.4205419,25,60.0,0.4352101,5,105.0,0.2196926,17,99.0,0.1265387,4,61.0,0.2730888,13,0,0,0
2782,15,5,80.0,0.3554747,19,89.0,0.4052588,16,30.0,0.3055668,15,92.0,0.2260694,27,40.0,0.2678317,1,0,0,0
2783,7,5,82.0,0.2226162,8,55.0,0.1629047,15,7.0,0.1343407,8,14.0,0.2549218,15,82.0,0.2821871,19,0,0,0
2919,18,5,42.0,0.389043,28,83.0,0.3472427,5,18.0,0.2426236,22,44.0,0.2072587,20,29.0,0.1672209,3,0,0,0
2920,11,5,116.0,0.2829228,11,48.0,0.3456905,15,48.0,0.3504715,1,32.0,0.1760563,16,21.0,0.07540222,13,0,0,0
2921,7,5,77.0,0.2795795,10,110.0,0.2221089,27,57.0,0.05446704,4,38.0,0.1789568,9,111.0,0.3471702,17,0,0,0
2922,8,5,53.0,0.1250775,23,90.0,0.1732297,20,109.0,0.2939254,20,69.0,0.07250436,13,104.0,0.1444212,5,0,0,0
2923,15,5,78.0,0.2590293,22,70.0,0.04578502,4,41.0,0.2505012,6,36.0,0.4586576,28,33.0,0.0657955,7,0,0,0
2924,27,5,55.0,0.0761372,26,84.0,0.3092702,12,108.0,0.461879,26,23.0,0.3645789,23,21.0,0.3684591,21,0,0,0
2925,11,5,30.0,0.1887768,16,90.0,0.4361351,12,54.0,0.02082623,3,53.0,0.1434846,2,64.0,0.2389917,25,0,0,0
2926,9,5,115.0,0.08123191,22,118.0,0.3407756,16,10.0,0.1511188,28,72.0,0.2555053,1,50.0,0.2767878,21,0,0,0
2927,11,5,77.0,0.3016724,2,31.0,0.04549648,13,76.0,0.1853938,7,64.0,0.4573431,2,10.0,0.3902094,27,0,0,0
2928,16,5,43.0,0.4902856,9,118.0,0.0856743,11,91.0,0.316557,15,7.0,0.01057584,20,32.0,0.2370403,13,0,0,0
2929,21,5,91.0,0.135598,8,32.0,0.1084596,29,72.0,0.3151228,30,74.0,0.2371788,25,28.0,0.2581598,18,0,0,0
2930,4,5,116.0,0.268785,6,118.0,0.2510358,17,62.0,0.3539473,2,58.0,0.08514501,27,120.0,0.4843019,4,0,0,0
3066,24,5,56.0,0.3343799,12,75.0,0.3882489,19,62.0,0.3245347,9,55.0,0.453422,29,6.0,0.116592,24,0,0,0
3067,10,5,95.0,0.4003054,5,78.0,0.2014051,2,40.0,0.3548402,11,90.0,0.4234244,5,52.0,0.4891287,18,0,0,0
3068,6,5,21.0,0.1809356,7,44.0,0.1853131,7,50.0,0.160608,29,119.0,0.3857558,24,104.0,0.1748545,14,0,0,0
3069,13,5,104.0,0.3929991,24,61.0,0.109294,11,62.0,0.4239854,20,72.0,0.4178438,27,8.0,0.1832153,3,0,0,0
3070,16,5,33.0,0.3094954,9,32.0,0.414467,24,77.0,0.05527671,19,94.0,0.3477074,21,97.0,0.0495667,15,0,0,0
3071,7,5,62.0,0.05609055,27,16.0,0.36449,6,114.0,0.4674749,16,32.0,0.266778,4,6.0,0.2368221,28,0,0,0
3072,10,5,101.0,0.3384118,20,86.0,0.1643474,5,117.0,0.4484015,25,93.0,0.3902038,4,25.0,0.0593303,23,0,0,0
3073,17,5,95.0,0.2461564,25,112.0,0.05314054,10,76.0,0.5067539,21,82.0,0.4644638,22,77.0,0.2483694,2,0,0,0
3074,25,5,105.0,0.3144283,30,27.0,0.2778746,29,55.0,0.2804744,30,42.0,0.4955216,3,34.0,0.3828916,2,0,0,0
3075,7,5,75.0,0.3946738,10,32.0,0.2626347,6,67.0,0.3239923,4,92.0,0.1340894,2,50.0,0.1572628,13,0,0,0
3076,13,5,11.0,0.450623,11,41.0,0.3909951,7,116.0,0.4990931,2,106.0,0.2188834,17,23.0,0.388449,25,0,0,0
3077,11,5,77.0,0.335504,13,112.0,0.1862204,28,108.0,0.09986927,8,119.0,0.1216027,17,94.0,0.01703836,4,0,0,0
3213,17,5,72.0,0.3693291,23,45.0,0.1806314,24,63.0,0.1507976,26,66.0,0.4629675,4,104.0,0.1073641,25,0,0,0
3214,18,5,99.0,0.492196,16,89.0,0.3596193,9,50.0,0.3175831,16,49.0,0.4335467,26,83.0,0.4410582,9,0,0,0
3215,13,5,16.0,0.4321061,21,84.0,0.1274769,28,103.0,0.2606886,13,93.0,0.04181625,8,7.0,0.1998371,15,0,0,0
3216,30,5,46.0,0.4942891,24,115.0,0.2855891,18,18.0,0.3196373,2,38.0,0.4557533,17,10.0,0.4286667,19,0,0,0
3217,18,5,76.0,0.1172481,22,90.0,0.3785611,14,29.0,0.4359449,18,35.0,0.2066032,17,89.0,0.1089764,10,0,0,0
3218,13,5,84.0,0.39905,25,19.0,0.390569,8,66.0,0.3170044,7,17.0,0.06056364,12,71.0,0.05190994,27,0,0,0
3219,16,5,45.0,0.3750229,26,106.0,0.2201077,30,34.0,0.2339289,10,117.0,0.2471319,8,98.0,0.2863573,24,0,0,0
3220,15,5,100.0,0.1129279,28,103.0,0.205022,21,38.0,0.2156917,20,73.0,0.1775964,18,89.0,0.4726774,20,0,0,0
3221,13,5,111.0,0.2311053,4,92.0,0.2944112,23,118.0,0.2205407,30,113.0,0.3029676,10,92.0,0.1028609,3,0,0,0
3222,12,5,89.0,0.3384232,4,107.0,0.3176264,16,39.0,0.0422789,5,93.0,0.4115621,27,40.0,0.2601208,16,0,0,0
3223,16,5,19.0,0.4675661,9,8.0,0.1852392,29,81.0,0.313532,20,65.0,0.2220151,20,85.0,0.04052646,22,0,0,0
3224,18,5,25.0,0.01344926,30,41.0,0.1556745,29,82.0,0.3546641,22,96.0,0.01901294,22,115.0,0.101809,29,0,0,0
3360,14,5,29.0,0.04465128,17,76.0,0.1292854,17,90.0,0.1352244,10,15.0,0.4736957,2,56.0,0.3458922,7,0,0,0
3361,10,5,50.0,0.3574322,27,45.0,0.02851493,14,60.0,0.2057489,5,99.0,0.2700039,15,97.0,0.3331608,26,0,0,0
3362,18,5,102.0,0.2715625,21,66.0,0.2705164,25,11.0,0.3654648,23,42.0,0.1098986,13,71.0,0.393639,26,0,0,0
3363,22,5,78.0,0.01553131,25,83.0,0.4600763,9,33.0,0.3331464,15,25.0,0.4181631,15,89.0,0.2436746,7,0,0,0
3364,10,5,98.0,0.5034711,17,52.0,0.06739457,7,103.0,0.07583506,15,78.0,0.4742954,2,50.0,0.2935413,5,0,0,0
3365,8,5,104.0,0.415728,19,5.0,0.09023859,1,74.0,0.3353901,8,69.0,0.2579193,24,56.0,0.4507371,3,0,0,0
3366,10,5,88.0,0.309781,14,43.0,0.4486315,9,47.0,0.09850557,4,54.0,0.1373915,11,30.0,0.21295,12,0,0,0
3367,11,5,71.0,0.3307425,7,116.0,0.4858377,18,75.0,0.2608844,18,84.0,0.4221245,8,27.0,0.07838435,20,0,0,0
3368,13,5,47.0,0.3595919,18,118.0,0.3794999,11,25.0,0.4474587,6,48.0,0.3942498,15,35.0,0.1053165,4,0,0,0
3369,3,5,16.0,0.3135803,18,57.0,0.2498653,5,106.0,0.2009514,23,12.0,0.2186413,22,84.0,0.1937504,2,0,0,0
3370,25,5,92.0,0.1523339,25,51.0,0.2717033,23,25.0,0.4892832,25,103.0,0.2174146,3,109.0,0.4377927,8,0,0,0
3371,12,5,46.0,0.2010621,5,96.0,0.3860905,24,89.0,0.1869504,22,116.0,0.03697957,16,48.0,0.1513585,9,0,0,0
3507,12,5,87.0,0.3177516,18,60.0,0.4556703,25,27.0,0.2407551,14,18.0,0.1719224,13,20.0,0.1699942,22,0,0,0
3508,11,5,107.0,0.4509877,17,8.0,0.3123349,30,22.0,0.08076616,10,77.0,0.01760871,27,103.0,0.3879652,10,0,0,0
3509,24,5,51.0,0.3016741,21,49.0,0.4145523,19,14.0,0.1656825,4,20.0,0.5083972,29,114.0,0.3150479,22,0,0,0
3510,22,5,26.0,0.2399356,21,70.0,0.3997427,22,83.0,0.4741868,29,85.0,0.3972597,12,22.0,0.2575775,18,0,0,0
3511,13,5,15.0,0.4616798,8,76.0,0.2823253,19,38.0,0.3257114,10,51.0,0.48106,22,39.0,0.04779018,28,0,0,0
3512,14,5,14.0,0.4060757,13,54.0,0.05706085,11,84.0,0.2185959,18,41.0,0.1783378,4,43.0,0.350876,29,0,0,0
3513,9,5,93.0,0.1888757,16,24.0,0.3287617,2,114.0,0.02499766,28,115.0,0.4048023,11,34.0,0.07107969,3,0,0,0
3514,11,5,100.0,0.06780709,23,72.0,0.05874671,4,109.0,0.4379949,24,54.0,0.3040092,6,71.0,0.2696196,4,0,0,0
3515,13,5,87.0,0.1112222,20,112.0,0.3570392,15,59.0,0.3782257,26,97.0,0.4311262,6,84.0,0.4898162,16,0,0,0
3516,9,5,50.0,0.4231814,5,23.0,0.1990677,5,84.0,0.5016083,14,85.0,0.04799105,14,116.0,0.181647,6,0,0,0
3517,17,5,101.0,0.07264759,25,65.0,0.463823,9,76.0,0.2285443,15,26.0,0.2223094,14,106.0,0.487964,14,0,0,0
3518,5,5,64.0,0.4993002,22,44.0,0.3750094,8,20.0,0.3510269,5,32.0,0.2478502,13,8.0,0.2896418,17,0,0,0
3654,16,5,78.0,0.1788531,20,26.0,0.4438007,14,28.0,0.2228988,5,112.0,0.2236569,9,71.0,0.4787875,30,0,0,0
3655,24,5,6.0,0.3756656,27,28.0,0.2673428,11,16.0,0.4503398,3,81.0,0.401428,25,17.0,0.4912385,20,0,0,0
3656,11,5,119.0,0.4009383,22,32.0,0.07512231,22,80.0,0.1536504,7,25.0,0.2374878,21,58.0,0.3309915,15,0,0,0
3657,11,5,44.0,0.3925187,16,71.0,0.4620019,3,120.0,0.335539,27,47.0,0.06735696,13,106.0,0.02615477,2,0,0,0
3658,14,5,96.0,0.09646817,3,81.0,0.1274969,18,25.0,0.3833354,28,30.0,0.01370306,20,59.0,0.1405952,7,0,0,0
3659,17,5,52.0,0.2644951,26,92.0,0.2925835,20,68.0,0.2386264,14,44.0,0.1763902,8,54.0,0.2437638,17,0,0,0
3660,16,5,49.0,0.09969969,14,44.0,0.3353942,22,106.0,0.07981028,21,15.0,0.1450019,21,25.0,0.1343715,11,0,0,0
3661,12,5,86.0,0.4910026,18,65.0,0.4319959,13,20.0,0.1022986,10,82.0,0.4958054,17,7.0,0.2394444,29,0,0,0
3662,16,5,74.0,0.4099806,26,105.0,0.2377958,12,46.0,0.1575531,7,71.0,0.4931016,28,67.0,0.1552539,26,0,0,0
3663,6,5,75.0,0.425343,7,60.0,0.2755346,27,22.0,0.06505294,9,54.0,0.04552759,12,9.0,0.2794087,4,0,0,0
3664,15,5,10.0,0.04782827,15,29.0,0.315705,4,107.0,0.5050598,22,87.0,0.08842666,14,40.0,0.4639114,22,0,0,0
3665,34,5,35.0,0.295494,30,57.0,0.2591203,28,115.0,0.0172425,15,101.0,0.2888564,26,26.0,0.4503808,15,0,0,0
