WAVE_ID,TEST_ID,PREDICTION,VARIANCE,HITS,AVERAGE,TARGET,FITNESS
2,50,5.02297272812828,0.683341662502082,7,0.0,5.0,0.859862564428329
3,50,5.02297272812828,0.683341662502082,9,0.0,5.0,0.859862564428329
4,50,4.94517040473682,0.748858903881393,7,0.0,5.0,0.868355816684853
5,50,5.00709778110054,0.601314481648065,1,0.0,5.0,0.836297138022387
6,50,4.9674027302204,0.647727247487367,7,0.0,5.0,0.840149959977811
7,50,3.81725269506181,0.612291854072963,1,6.6,5.0,0.827795320715481
8,50,3.7877265742328,0.638708867788328,6,6.6,5.0,0.85539223282793
9,50,5.0127365411945,0.596222999611306,9,5.0,5.0,0.830943382723877
10,50,5.69692801790133,0.623214725970348,4,4.4,5.0,0.840354934001245
11,50,5.22475858138557,0.704872008440224,5,4.8,5.0,0.87225291185983
12,50,4.63091187894526,0.65064034649342,8,5.4,5.0,0.859487774225373
13,50,4.97987708534196,0.69565606085846,15,5.0,5.0,0.866426841473623
14,50,3.91839818913942,0.676467099783442,7,6.4,5.0,0.863385410624975
15,50,3.05101175663363,0.703269698484091,0,8.2,5.0,0.879972098533526
16,50,3.22772445545125,0.724179354767061,11,7.8,5.0,0.876413576022158
17,50,3.53484166480745,0.633321561441502,6,7.0,5.0,0.832151293555554
18,50,3.02096977037544,0.640704425564995,8,8.2,5.0,0.840046844937795
19,50,3.2580296155465,0.611356543950247,4,7.8,5.0,0.814396541744838
20,50,3.9880254395803,0.644047642845244,8,6.4,5.0,0.812262818527816
21,50,4.26797408733042,0.57970359264812,4,5.8,5.0,0.807492375460448
22,50,3.31823611011784,0.599518129823977,4,7.4,5.0,0.805769027434978
23,50,4.1651507566115,0.583826864345605,6,6.0,5.0,0.832622576423568
24,50,4.45940835971922,0.588470986728858,10,5.6,5.0,0.832476185875838
25,50,4.8078992273686,0.561099783441613,10,5.2,5.0,0.82431578725397
26,50,3.89339970223437,0.589792770281526,26,6.4,5.0,0.828304750603198
27,50,3.65719035981533,0.679873729801766,2,6.8,5.0,0.860600172144023
28,50,2.2416413089742,0.683942695319007,9,11.2,5.0,0.86793163004249
29,50,2.24759677774948,0.6603968015992,9,10.8,5.0,0.826368109971874
30,50,2.31166420042534,0.702195902048976,9,11.4,5.0,0.817223933058494
31,50,2.23369328294381,0.589812427119773,6,11.2,5.0,0.834996155442046
32,50,2.2945137980695,0.578747959353657,1,11.0,5.0,0.818705987533968
33,50,3.55268121144662,0.544512521517019,14,7.0,5.0,0.806763590336133
34,50,3.67939852946725,0.487908045977011,6,6.8,5.0,0.793411582316254
35,50,3.21073886577656,0.533858848353601,7,7.8,5.0,0.810195925278035
36,50,3.47011193314841,0.52018768393581,1,7.2,5.0,0.806811566433612
37,50,3.64794676979292,0.499958576267422,8,6.8,5.0,0.783343766649677
38,50,4.32611156196192,0.558407129768449,12,5.8,5.0,0.814049650130477
39,50,3.46679411820804,0.610187906046976,4,7.2,5.0,0.840835883047292
40,50,3.69213764924433,0.543401188294742,16,6.8,5.0,0.808105241392659
41,50,3.98525014193428,0.59434827030929,8,6.4,5.0,0.793809668883956
42,50,3.00157096321265,0.6003988005997,1,8.2,5.0,0.813110764921972
43,50,2.58786902050058,0.616839691265478,1,9.6,5.0,0.837114101271455
44,50,2.98197502879211,0.50864201232717,1,8.2,5.0,0.765883622888896
45,50,4.19277049213768,0.515452829140985,4,6.0,5.0,0.790917280822488
46,50,4.62978569159707,0.476248431339886,4,5.4,5.0,0.790405749964151
47,50,8.32279730792713,0.466437558998279,6,3.0,5.0,0.78031931869733
48,50,11.3555148519155,0.47148981065023,8,2.2,5.0,0.783762273671502
49,50,7.80632863569528,0.515568438003221,6,3.2,5.0,0.802547267882032
50,50,5.42208495231225,0.61136398467433,6,4.6,5.0,0.837022525228853
51,50,4.45897000062255,0.611182741962352,5,5.6,5.0,0.841300533074301
52,50,4.14256679873384,0.648604697651174,3,6.0,5.0,0.845322239824744
53,50,3.99955177463544,0.58383874729302,6,6.2,5.0,0.814533218723003
54,50,4.46254348015032,0.609858626242434,5,5.6,5.0,0.842899928094704
55,50,4.83069711565162,0.608127047587318,8,5.2,5.0,0.829758326705001
56,50,4.98272201462315,0.659944361152757,9,5.0,5.0,0.853787028028295
57,50,4.65359969541441,0.674143372758065,4,5.4,5.0,0.855611978183045
58,50,4.0696754677738,0.605218612915764,9,6.2,5.0,0.820446741513219
59,50,3.87915906012976,0.727107779443611,8,6.4,5.0,0.875017283964376
60,50,3.49953098158081,0.758646121383753,3,7.0,5.0,0.863213416137981
61,50,3.36688096766232,0.70511810761286,14,7.6,5.0,0.838939708907726
62,50,3.77649132437289,0.649146426786607,7,6.6,5.0,0.852903021095004
63,50,3.33965851933326,0.695816425120773,6,7.6,5.0,0.849654568841669
64,50,3.02565420976353,0.583769892831362,1,8.2,5.0,0.819945831771346
65,50,3.27540010259963,0.611876284080182,2,7.6,5.0,0.836423554902979
66,50,4.11131708829422,0.614497973235604,1,6.2,5.0,0.801839206486673
67,50,4.18602013474198,0.604647787217502,11,6.0,5.0,0.830467501332417
68,50,7.35259760044997,0.593215614415015,3,3.4,5.0,0.837080170959104
69,50,5.9797389577379,0.713035704370037,6,4.2,5.0,0.869236596445588
70,50,6.93499481977696,0.662336609473041,9,3.6,5.0,0.859317944811363
71,50,5.43744386247947,0.567085346215781,8,4.6,5.0,0.825241624295958
72,50,4.1608525145235,0.615663390526959,7,6.0,5.0,0.842797030203977
73,50,3.39737391010651,0.65074473874174,2,7.4,5.0,0.849113039237415
74,50,3.79647873974796,0.620729079904492,2,6.6,5.0,0.843175657973854
75,50,3.90048475854859,0.660328058193126,5,6.4,5.0,0.860691906824974
76,50,4.45748849912269,0.624962629796213,15,5.6,5.0,0.845934257059942
77,50,5.16431164324997,0.658405908157033,12,4.8,5.0,0.838063067918235
78,50,4.04774770765641,0.617138875006941,5,6.2,5.0,0.837703525534747
79,50,3.55401754501002,0.659583652618135,2,7.2,5.0,0.81846703077581
80,50,3.27961189172107,0.666598034316175,16,7.8,5.0,0.825046947847497
81,50,3.20504926357973,0.610396357376867,10,7.8,5.0,0.844111181759589
82,50,2.47039973650527,0.601772558165362,5,10.0,5.0,0.823459457362216
83,50,2.77354091351137,0.581734132933533,0,9.0,5.0,0.830162259709215
84,50,3.2848096093619,0.551714587150869,3,7.6,5.0,0.817900381644297
85,50,3.8158764035394,0.585693264478872,4,6.6,5.0,0.817936247556206
86,50,3.70592507072451,0.504173801987895,15,6.8,5.0,0.784502477542406
87,50,5.66458264689044,0.510681103892498,1,4.4,5.0,0.794106339203086
88,50,4.62753202671346,0.556775056915986,8,5.4,5.0,0.821454095443045
89,50,5.42202439274382,0.511782220001111,3,4.6,5.0,0.797154391398292
90,50,4.01542431165547,0.596728635682159,6,6.2,5.0,0.828758413190723
91,50,3.99921800768262,0.632845688266978,6,6.2,5.0,0.833948279169006
92,50,3.66723310104475,0.648167138652896,10,6.6,5.0,0.794672476496251
93,50,5.20901634769317,0.637905491698595,14,4.8,5.0,0.854752667789961
94,50,3.75512467616057,0.632225664945305,4,6.6,5.0,0.833861082756284
95,50,3.23003588693327,0.575968127047587,1,7.8,5.0,0.815805830935335
96,50,3.04871544211099,0.582933533233383,3,8.0,5.0,0.79064680243921
97,50,3.55070184331319,0.626847243045144,1,7.0,5.0,0.838555385157315
98,50,3.95787613955673,0.667922261091676,10,6.4,5.0,0.837713871033911
99,50,5.4303823045484,0.528755177966572,5,4.6,5.0,0.808873455463263
100,50,6.57186292035757,0.546153811982897,8,3.8,5.0,0.814240757862227
101,50,6.23836878306648,0.554681881281581,2,4.0,5.0,0.814974260259677
102,50,4.65707568877504,0.5553362207785,0,5.4,5.0,0.806106750841738
103,50,4.72364232777667,0.593341884613249,6,5.2,5.0,0.790816770938233
104,50,4.99660062564991,0.653528569048809,6,5.0,5.0,0.859378712920412
105,50,5.95080109369536,0.637266588927758,9,4.2,5.0,0.85396021555386
106,50,5.6890561434223,0.638851907379644,3,4.4,5.0,0.851229193019629
107,50,5.48293234642051,0.653933921927925,6,4.6,5.0,0.834010862779474
108,50,5.22060848326264,0.687166861013938,7,4.8,5.0,0.867590965653999
109,50,4.16308177203379,0.609650285968127,7,6.0,5.0,0.84171686097411
110,50,4.0183564916118,0.668198567382975,11,6.2,5.0,0.859052845764736
111,50,3.85381963054508,0.625847964906436,5,6.4,5.0,0.820448162001501
112,50,3.71119873975899,0.617932922427675,8,6.8,5.0,0.827035618376302
113,50,3.44645071868221,0.672226442334388,7,7.2,5.0,0.853816164653348
114,50,3.24170005217433,0.615923149536343,1,7.6,5.0,0.819012033993621
115,50,3.34833788636673,0.644385029707369,5,7.6,5.0,0.824398911831562
116,50,3.87369823956731,0.580178022100061,6,6.4,5.0,0.813155879116028
117,50,4.81341334645059,0.551448053750902,0,5.2,5.0,0.817166124754992
118,50,4.71161767306699,0.681711810761286,4,5.4,5.0,0.827219502466913
119,50,6.57178592536173,0.578488422455439,11,3.8,5.0,0.827129056066423
120,50,7.81903301532545,0.588905547226387,8,3.2,5.0,0.831667851541257
121,50,4.81419955549291,0.660336498417458,1,5.2,5.0,0.860255493060688
122,50,4.36669648350451,0.687608862235549,0,5.8,5.0,0.843036218164064
123,50,5.177729377089,0.741853295574435,8,4.8,5.0,0.878924218126378
124,50,5.19838145627829,0.597347548447998,2,4.8,5.0,0.833026731300718
125,50,4.46612546882604,0.678408462435449,2,5.6,5.0,0.870261559350303
126,50,6.58278977045577,0.652187906046976,5,3.8,5.0,0.858578545733328
127,50,9.59913232167083,0.575031040035538,11,2.6,5.0,0.820416987235864
128,50,7.37148165373964,0.561901271586429,13,3.4,5.0,0.81383871742927
129,50,4.45629070435275,0.596592148370259,10,5.6,5.0,0.833877901056741
130,50,3.81063276533195,0.616041979010495,14,6.6,5.0,0.833068139650204
131,50,2.99541879551009,0.652038425231829,5,8.2,5.0,0.830420288158368
132,50,2.44321192901718,0.628601810206008,2,10.6,5.0,0.80457816551962
133,50,2.30980767591965,0.651402298850575,1,10.6,5.0,0.832707185342022
134,50,2.89809457392512,0.538786162474318,9,8.8,5.0,0.783059148569982
135,50,3.90866998166818,0.503907157532345,1,6.4,5.0,0.80011437933295
136,50,3.96762733031971,0.53183741462602,12,6.2,5.0,0.776310656462411
137,50,6.95694823210869,0.445087123105114,6,3.6,5.0,0.770625224888097
138,50,4.99806221026651,0.438573713143428,0,5.0,5.0,0.774269060081712
139,50,4.30312020091777,0.53020945083014,12,5.8,5.0,0.807780096736571
140,50,4.47767429587338,0.599107002054528,9,5.6,5.0,0.831715783396865
141,50,4.06851068285329,0.612433783108446,3,6.2,5.0,0.823982906969184
142,50,3.2173310891843,0.681071464267866,9,7.8,5.0,0.865195124355109
143,50,4.12350081705183,0.692789938364151,10,6.0,5.0,0.852288177545081
144,50,3.80689227676906,0.632860236548393,12,6.6,5.0,0.841948861851558
145,50,2.89709644753901,0.625638291965128,8,8.6,5.0,0.844385137765963
146,50,2.73922461918274,0.691886612249431,2,8.6,5.0,0.790562313197505
147,50,3.09066925019225,0.679135099117108,2,8.4,5.0,0.810022300935478
148,50,3.05298004708985,0.61106291298795,4,8.2,5.0,0.841915967120578
149,50,3.76270641701189,0.63394813704259,1,6.8,5.0,0.80594549440182
150,50,4.45961860438326,0.518453217835527,4,5.6,5.0,0.804594029684905
151,50,7.35579065932019,0.539410628019324,15,3.4,5.0,0.814059419338324
152,50,9.60634175891638,0.535426397912155,17,2.6,5.0,0.808793469642544
153,50,4.79952836815619,0.628579265922594,7,5.2,5.0,0.846573008941487
154,50,3.04737424690989,0.523976789383086,19,8.2,5.0,0.808748156079632
155,50,2.81091011326758,0.607468821144983,12,8.8,5.0,0.825512379017191
156,50,1.98862504580905,0.623594202898551,0,12.4,5.0,0.833377021762247
157,50,1.85772749477929,0.622741184963074,5,14.0,5.0,0.808791071220874
158,50,2.28649177807347,0.609794880337609,17,11.0,5.0,0.835771382471392
159,50,2.87184372363977,0.622174024099062,5,8.6,5.0,0.828505259295205
160,50,2.39523410193652,0.587579432505969,3,10.6,5.0,0.813766994224602
161,50,3.19571944809146,0.547968238103171,1,7.8,5.0,0.813594660726572
162,50,4.16037065851058,0.471405519462491,7,6.0,5.0,0.784808237795647
163,50,4.0398200578787,0.601226608917763,4,6.2,5.0,0.835987500314573
164,50,3.79400058394853,0.567226275751013,7,6.6,5.0,0.823239781662613
165,50,6.25125965726114,0.52397156977067,4,4.0,5.0,0.808833784429246
166,50,5.67196241538835,0.538901771336554,2,4.4,5.0,0.809704961344846
167,50,5.45542392264592,0.558852573713143,2,4.6,5.0,0.811406709473695
168,50,5.18360809902441,0.643937586762175,8,4.8,5.0,0.843097846101137
169,50,6.57990522192945,0.698253650952302,2,3.8,5.0,0.878727298238118
170,50,5.43171491578304,0.645186517852185,4,4.6,5.0,0.856239620531654
171,50,6.93259139353779,0.654222111166639,6,3.6,5.0,0.85466032306873
172,50,6.9727950219137,0.707043478260869,9,3.6,5.0,0.866276003144046
173,50,5.62714711545424,0.701738908323616,7,4.4,5.0,0.849593315766282
174,50,4.30854574509957,0.594220778499639,4,5.8,5.0,0.836610800431026
175,50,4.45765963916012,0.580737964351158,7,5.6,5.0,0.828345710182043
176,50,4.13317732855467,0.662945416180799,2,6.0,5.0,0.845735679092064
177,50,3.75613839085158,0.64669320895108,1,6.6,5.0,0.840218921011377
178,50,4.23939712683676,0.622828585707147,4,5.8,5.0,0.809382882995869
179,50,5.96205341920287,0.537249819534677,6,4.2,5.0,0.809152044028875
180,50,6.9564876045723,0.545879171525348,12,3.6,5.0,0.811211759449475
181,50,6.2435784565402,0.613552112832473,11,4.0,5.0,0.841592502805713
182,50,4.99502186360387,0.558144039091565,5,5.0,5.0,0.820285529114311
183,50,3.73697256085914,0.642028985507246,0,6.8,5.0,0.82258140384682
184,50,3.36834062806724,0.659369981675829,6,7.6,5.0,0.819887008231258
185,50,3.69236374082374,0.619819201510356,2,6.8,5.0,0.838540973772276
186,50,3.6292237148309,0.627779554667111,3,6.8,5.0,0.824042632406491
187,50,5.20021918259311,0.568221889055472,13,4.8,5.0,0.822459450893473
188,50,7.8573952451762,0.637329224276751,9,3.2,5.0,0.829151930388437
189,50,5.20787209123463,0.547810539174857,3,4.8,5.0,0.818847597995571
190,50,3.8113441791887,0.606393803098451,7,6.6,5.0,0.82880108661104
191,50,4.15771855154621,0.655834416125271,6,6.0,5.0,0.857012512817594
192,50,3.58607010887844,0.646519295907602,2,7.0,5.0,0.84994956464529
193,50,3.24859564657665,0.698619356988173,11,7.6,5.0,0.855884152829376
194,50,4.66655658626901,0.554298739519129,6,5.4,5.0,0.800352346574728
195,50,4.3958153479893,0.609848075962019,2,5.8,5.0,0.796694914640655
196,50,3.90701184008094,0.525752123938031,7,6.4,5.0,0.80984409349928
197,50,4.63894749757281,0.573892387139763,25,5.4,5.0,0.824017846504999
198,50,4.45387764485517,0.616460103281692,1,5.6,5.0,0.840403527126566
199,50,2.51668271531991,0.592848686767727,0,10.2,5.0,0.80014847358636
200,50,2.77687669133792,0.667971014492754,1,8.2,5.0,0.738922202001137
201,50,3.54102440729667,0.57810339274807,3,7.0,5.0,0.813537140869835
202,50,3.5989933335801,0.490203342773058,8,6.8,5.0,0.752937639910364
203,50,4.166399487514,0.528555166861014,4,6.0,5.0,0.811261802068398
204,50,9.630015858113,0.532288300294297,3,2.6,5.0,0.804263166382311
205,50,7.81243007492537,0.481359542450997,3,3.2,5.0,0.792501864869468
206,50,6.52476549620162,0.596233772002887,10,3.8,5.0,0.807655258697416
207,50,5.91752528917503,0.576355711033372,10,4.2,5.0,0.810333284262041
208,50,4.56006624785985,0.512364706535621,13,5.6,5.0,0.752500780695118
209,50,4.21569167453941,0.651493031262147,5,6.0,5.0,0.832556885753337
210,50,3.21407714829739,0.6866691098895,10,7.8,5.0,0.869345901779645
211,50,3.0403953880121,0.689863401632517,4,8.2,5.0,0.870956136114673
212,50,2.61874198100983,0.700028319173747,0,9.6,5.0,0.871391771587209
213,50,3.07719304985752,0.707088011549781,6,8.4,5.0,0.827793058658494
214,50,3.89532603997962,0.559620523071797,6,6.4,5.0,0.817364659124623
215,50,5.01793090680021,0.57435026930979,10,5.0,5.0,0.819171076276537
216,50,4.85880932148346,0.597652173913043,1,5.2,5.0,0.809882188151682
217,50,4.76508369517267,0.556230218224221,13,5.2,5.0,0.797971700161976
218,50,5.48442944423098,0.574807596201899,18,4.6,5.0,0.801543872794485
219,50,3.48981362039815,0.679248153700927,0,7.2,5.0,0.861326887122477
220,50,2.76774263885,0.733667388527958,13,9.6,5.0,0.809118714999829
221,50,2.97358323589472,0.604142040091066,2,8.4,5.0,0.84009653984649
222,50,2.67211453305037,0.620518185351769,7,9.0,5.0,0.790867981555375
223,50,2.6476254427671,0.542284857571214,0,9.2,5.0,0.777784338466429
224,50,3.11911079173853,0.540528957743351,4,8.0,5.0,0.812698746091714
225,50,5.67836609299815,0.404588594591593,15,4.4,5.0,0.759771310039324
226,50,4.80672323569295,0.429037259148204,6,5.2,5.0,0.77103402338072
227,50,4.47666532673952,0.464903881392637,5,5.6,5.0,0.778624613359076
228,50,3.90256973460766,0.57280059970015,15,6.4,5.0,0.826920177389007
229,50,4.16991592815721,0.530282525403965,5,6.0,5.0,0.810169767348746
230,50,2.82518321427678,0.648644122383253,7,9.0,5.0,0.832301725386216
231,50,2.66151147663283,0.674925426175801,9,9.2,5.0,0.83821665489285
232,50,3.2906361977807,0.694982619801211,6,7.6,5.0,0.877296349666771
233,50,3.10857303819578,0.742174024099062,7,8.2,5.0,0.863018143884892
234,50,2.93911534557545,0.710473874174024,4,8.4,5.0,0.862739725457526
235,50,3.71295907183225,0.728091731911822,5,6.8,5.0,0.87011432519363
236,50,3.7987104282305,0.569101116108612,8,6.6,5.0,0.821211102719572
237,50,4.04900382579191,0.660764506635571,10,6.2,5.0,0.854423827231112
238,50,4.1790439454615,0.638241990116053,6,6.0,5.0,0.847961223150325
239,50,3.6721038567321,0.59924959742351,6,6.8,5.0,0.83709119146933
240,50,3.80028745875424,0.565597312454884,12,6.6,5.0,0.81888497514423
241,50,3.56148335975048,0.640587372980177,3,7.0,5.0,0.850326581996763
242,50,2.97637390628118,0.607294130712422,4,8.4,5.0,0.842807614413501
243,50,3.37455815125406,0.621149758454106,14,7.4,5.0,0.84617649020309
244,50,4.02328140623819,0.5966677772225,12,6.2,5.0,0.833329034251753
245,50,3.17921247393945,0.590902215558887,6,7.8,5.0,0.821204243254961
246,50,2.81028799720301,0.5750652451552,1,9.0,5.0,0.811134146964768
247,50,3.44342035374646,0.628699428063746,10,7.8,5.0,0.736018095653598
248,50,3.35349086771856,0.62003076239658,1,7.4,5.0,0.833442406568462
249,50,2.9077535208711,0.522944749847299,0,8.6,5.0,0.808712195670326
250,50,4.04139590113829,0.576741073907491,1,6.0,5.0,0.763901429221147
251,50,6.90917643603467,0.509079016047532,10,3.6,5.0,0.783191676809132
252,50,9.61384938526275,0.543944361152757,4,2.6,5.0,0.816658018402182
253,50,5.68202371607334,0.50058381920151,2,4.4,5.0,0.800110232472964
254,50,7.7974992225159,0.559542117829974,10,3.2,5.0,0.81494939935011
255,50,7.31922029953933,0.544672330501416,9,3.4,5.0,0.798296408647374
256,50,4.65050202874299,0.588325726025876,7,5.4,5.0,0.823062900738303
257,50,3.59242906778593,0.621953689821756,2,7.0,5.0,0.836440347533201
258,50,3.8402217173734,0.646705202954079,0,6.4,5.0,0.82151893092098
259,50,4.07214375985052,0.58948981065023,10,6.0,5.0,0.783979973614973
260,50,4.49947362885398,0.606976178577378,13,5.6,5.0,0.822395383084905
261,50,4.46180219938594,0.511633627630629,3,5.6,5.0,0.803167033690188
262,50,3.88362694259254,0.562490421455939,13,6.4,5.0,0.811722622830962
263,50,4.47479352428351,0.566797712254984,7,5.6,5.0,0.820479958498637
264,50,3.1919084622253,0.580856904880893,0,7.8,5.0,0.824514404998242
265,50,2.6586501463393,0.660183908045977,3,9.2,5.0,0.830784316344285
266,50,3.46446331170666,0.576941862402132,9,7.2,5.0,0.826157241095739
267,50,4.82673969865934,0.514705758231995,5,5.2,5.0,0.794667481973996
268,50,3.93134070872814,0.546304625465045,14,6.4,5.0,0.803835905361633
269,50,5.19632175343665,0.561303237270254,3,4.8,5.0,0.817399886178455
270,50,4.05866126954706,0.560574157365762,3,6.2,5.0,0.808795257444514
271,50,3.68841937239406,0.658341940141041,6,6.8,5.0,0.856252158293771
272,50,3.7101597087744,0.642270087178633,11,6.8,5.0,0.837353343830361
273,50,4.00205992415204,0.633662724193459,5,6.2,5.0,0.835877323463132
274,50,3.35841040412996,0.646831806319063,1,7.4,5.0,0.846986486028549
275,50,4.50958574776862,0.620356155255706,11,5.6,5.0,0.822140339353319
276,50,4.80521794837446,0.601633294463879,10,5.2,5.0,0.839172366648682
277,50,3.66444858293215,0.639155311233272,2,6.8,5.0,0.84853460829503
278,50,3.28889256090782,0.631587539563552,3,7.6,5.0,0.852286544359865
279,50,4.26188058781603,0.62863768115942,4,5.8,5.0,0.823720656625413
280,50,4.57493177899786,0.610521183852518,17,5.4,5.0,0.813091780405193
281,50,4.15581549438997,0.69658448553501,13,6.0,5.0,0.872192980953027
282,50,3.49658480607855,0.641262035648842,5,7.2,5.0,0.842234915138166
283,50,3.22233665957192,0.564284080182131,3,7.8,5.0,0.815563231703883
284,50,2.97961359279881,0.538684213448831,4,8.4,5.0,0.813426822050127
285,50,2.99133179644643,0.524937198067633,2,8.4,5.0,0.8010255910184
286,50,2.97523385236843,0.523254372813593,1,8.4,5.0,0.808728323389153
287,50,4.66759482990956,0.554444444444444,6,5.4,5.0,0.799831839237266
288,50,8.33096798835108,0.49047776111944,6,3.0,5.0,0.794775246498658
289,50,7.83267383127981,0.525726025875951,22,3.2,5.0,0.798425473042495
290,50,6.58050503585999,0.512032650341496,13,3.8,5.0,0.803879913234832
291,50,3.37577694107156,0.579496585040813,4,7.4,5.0,0.830241821603774
292,50,2.62278951955815,0.56114853684269,5,9.6,5.0,0.813489985094166
293,50,2.64141627481508,0.760624354489422,6,10.2,5.0,0.808266805514338
294,50,2.50210390775327,0.615563773668721,1,10.0,5.0,0.844965815095459
295,50,2.50308323149069,0.62450752401577,5,10.0,5.0,0.847958757027806
296,50,4.27506955532561,0.560878449664057,2,5.8,5.0,0.803907383600574
297,50,5.93627404268437,0.541745016380699,10,4.2,5.0,0.807187053130324
298,50,6.59355966827701,0.546740851796324,6,3.8,5.0,0.810055227073349
299,50,5.18076693589274,0.695882614248431,1,4.8,5.0,0.86225691937916
300,50,5.20123082876789,0.611812760286523,9,4.8,5.0,0.840493655374232
301,50,5.2240100267225,0.645853406630018,9,4.8,5.0,0.849080525566598
302,50,4.48219412249583,0.707072463768116,0,5.6,5.0,0.87227298228802
303,50,3.57836884902522,0.682119051585318,0,7.0,5.0,0.868712155257115
304,50,4.97714548668587,0.685526014770393,13,5.0,5.0,0.860804093117741
305,50,6.63939825649301,0.723350324837581,8,3.8,5.0,0.855137194304053
306,50,4.10334017625578,0.705031151091121,4,6.2,5.0,0.842193600145702
307,50,4.10811334699377,0.634875562218891,3,6.0,5.0,0.820761540850612
308,50,5.04951911853894,0.668662224443334,7,5.0,5.0,0.839155285649499
309,50,4.47751191550698,0.632450552501527,6,5.6,5.0,0.845148089844304
310,50,3.56602282525945,0.664998500749625,13,7.0,5.0,0.862773391445389
311,50,4.46116604999625,0.633558554056305,2,5.6,5.0,0.85155744428532
312,50,3.77302659820985,0.6312037314676,4,6.6,5.0,0.843700594474089
313,50,4.03463285974236,0.651688378033206,6,6.2,5.0,0.859253849828743
314,50,3.9039190524009,0.647708812260536,8,6.4,5.0,0.85768820871282
315,50,3.98733904547651,0.678316397356877,3,6.2,5.0,0.845533736566269
316,50,3.75733861349847,0.615124326725526,6,6.6,5.0,0.828268663257282
317,50,5.43584612160137,0.633608195902049,3,4.6,5.0,0.852805848552999
318,50,4.59175067472109,0.650312510411461,14,5.4,5.0,0.838227099941834
319,50,4.80215622856679,0.641589205397301,2,5.2,5.0,0.85333232245437
320,50,3.73243895086845,0.606687434060748,1,6.8,5.0,0.810873814721616
321,50,4.30068000610508,0.6014640457549,7,5.6,5.0,0.756224204011461
322,50,4.82202477711017,0.660277083680382,3,5.2,5.0,0.855632862008373
323,50,4.62985697903034,0.616702315508912,10,5.4,5.0,0.846544547567457
324,50,4.5918595367956,0.692066078072075,2,5.4,5.0,0.854989171072214
325,50,5.42277657906045,0.638721750235993,3,4.6,5.0,0.848370543203921
326,50,5.43367356434172,0.610109278693986,2,4.6,5.0,0.843379022067361
327,50,4.96798595407182,0.68642589816203,20,5.0,5.0,0.855957795225029
328,50,6.27446862708589,0.675167527347437,8,4.0,5.0,0.855736483178772
329,50,3.38352821876426,0.68261524793159,10,7.4,5.0,0.869972025932767
330,50,3.62658745165183,0.663632294963629,3,7.0,5.0,0.834087662568137
331,50,2.95139096191536,0.643057693375534,5,8.6,5.0,0.831707787882994
332,50,3.0009333925986,0.644738963851408,4,8.6,5.0,0.806363388521643
333,50,2.71037550203779,0.635073907490699,6,9.2,5.0,0.849849408674028
334,50,4.13957460350753,0.61381164973069,3,6.0,5.0,0.829698193256396
335,50,4.47191272251468,0.553815536676107,12,5.6,5.0,0.816984648422336
336,50,5.95955610678113,0.652804264534399,8,4.2,5.0,0.856847282748726
337,50,4.15261692409555,0.617482480981731,2,6.0,5.0,0.83867994317008
338,50,3.77985921388091,0.639297573435504,16,6.6,5.0,0.850945566123991
339,50,4.05059030848885,0.643175856516186,14,6.2,5.0,0.846469008412387
340,50,3.05220965092809,0.723787328557943,2,8.2,5.0,0.887464464998095
341,50,2.47084999796812,0.685612082847465,1,10.4,5.0,0.836567079824907
342,50,3.02860194293709,0.635168748958854,4,8.4,5.0,0.824186715220109
343,50,3.5495779457259,0.593837636737187,8,7.0,5.0,0.824705023856318
344,50,3.35677181638417,0.595810094952524,3,7.4,5.0,0.825634282384939
345,50,4.34521569583,0.601243711477595,7,5.8,5.0,0.820279966942037
346,50,6.94452057509405,0.516699761230496,12,3.6,5.0,0.806634229578862
347,50,5.43186898733534,0.548632905769338,0,4.6,5.0,0.817710068271009
348,50,3.63639217910995,0.606855350102727,11,6.8,5.0,0.819621724117423
349,50,4.17883202413971,0.70328369148759,4,6.0,5.0,0.874101992461357
350,50,3.90541287925542,0.691512799155978,6,6.6,5.0,0.813501491288334
351,50,3.68881012755646,0.652178577377978,8,6.8,5.0,0.853557952565431
352,50,3.8069156927532,0.677951579765673,1,6.6,5.0,0.859971869650599
353,50,4.32301685344757,0.598577155866511,8,5.8,5.0,0.83192278941364
354,50,4.20398206585164,0.668068854461658,11,6.0,5.0,0.845643711923317
355,50,4.62134747836837,0.637955244599922,6,5.4,5.0,0.85025362554812
356,50,3.67756872080125,0.628595035815426,3,6.8,5.0,0.850779857524077
357,50,3.58186042898148,0.596217891054473,7,6.8,5.0,0.786627508837514
358,50,4.32380381992875,0.624070964517741,3,5.8,5.0,0.841660233692741
359,50,3.53769310323215,0.639256149702926,6,7.0,5.0,0.836121743152846
360,50,4.09864240382969,0.651212393803098,3,6.0,5.0,0.822269947718856
361,50,4.96362206060474,0.65482803042923,9,5.0,5.0,0.840870590031016
362,50,5.68390899990752,0.623315009162086,10,4.4,5.0,0.848074130294715
363,50,4.49963890996825,0.625571880726304,6,5.6,5.0,0.82974113796011
364,50,4.00422557190118,0.586732411571992,5,6.2,5.0,0.818332104612414
365,50,3.66343483560879,0.613155422288856,0,6.8,5.0,0.837541363737025
366,50,3.43696075341002,0.675642623132878,2,6.6,5.0,0.714399468700428
367,50,4.10357721280713,0.61173668721195,1,6.0,5.0,0.809087443983572
368,50,5.44838943603533,0.541403853628741,2,4.6,5.0,0.808507041027367
369,50,8.91398169479497,0.510393914154034,15,2.8,5.0,0.79552960523787
370,50,12.5070702922018,0.526895330112721,0,2.0,5.0,0.80654573953936
371,50,6.22843058308102,0.541468154811483,5,4.0,5.0,0.803918861277137
372,50,6.24709279535737,0.562412349380865,11,4.0,5.0,0.823225673351024
373,50,5.45285802214652,0.631527569548559,1,4.6,5.0,0.841958331317763
374,50,3.77721790059702,0.622733411072242,9,6.6,5.0,0.842764305201036
375,50,3.88858219389874,0.665905380643012,7,6.4,5.0,0.855945508038499
376,50,4.8273088417081,0.592297295796546,16,5.2,5.0,0.825375440396463
377,50,3.78372669121001,0.611772780276528,1,6.6,5.0,0.84222815519911
378,50,2.89497787330308,0.666111832972403,2,8.8,5.0,0.835667549163917
379,50,3.66846453808678,0.595125437281359,8,6.8,5.0,0.833284697414014
380,50,3.61753862895532,0.624836359597979,14,7.0,5.0,0.8234879633511
381,50,3.72732424266106,0.605667721694708,7,6.8,5.0,0.813231463491017
382,50,3.05501259980783,0.6454667110889,5,8.2,5.0,0.854470576329884
383,50,3.91358924815123,0.593133988561275,1,6.4,5.0,0.832882129913054
384,50,3.45078513077926,0.611162196679438,13,7.2,5.0,0.831872566178346
385,50,3.56907500561185,0.602621800211006,4,7.0,5.0,0.839639896383193
386,50,3.02067314274704,0.649255372313843,0,8.0,5.0,0.803019550876615
387,50,4.17308811650774,0.696754844799822,4,6.0,5.0,0.874873651037046
388,50,5.42671975934464,0.565354767060914,6,4.6,5.0,0.821342890718624
389,50,5.67421547080556,0.579076461769115,9,4.4,5.0,0.82710337703526
390,50,4.65161779119676,0.603511244377811,6,5.4,5.0,0.828495447480709
391,50,5.41343026400931,0.657085346215781,11,4.6,5.0,0.850290566098687
392,50,4.99378628286458,0.647709811760786,5,5.0,5.0,0.855378717516245
393,50,3.50388711633125,0.660630795713254,9,7.2,5.0,0.845836516849187
394,50,3.34297220761073,0.644781498139819,1,7.4,5.0,0.837395333728489
395,50,3.13263542209139,0.68047642845244,3,8.0,5.0,0.867644032890649
396,50,3.90195517857685,0.55781598089844,4,6.4,5.0,0.820560519409642
397,50,4.32344357398479,0.576707757232495,7,5.8,5.0,0.822925470234037
398,50,5.70069539807934,0.549345660503082,7,4.4,5.0,0.808621783004351
399,50,5.21471430475118,0.525205952579266,15,4.8,5.0,0.806278073298327
400,50,5.665971245035,0.579533566550058,3,4.4,5.0,0.822453589737073
401,50,3.44936155176894,0.66898828363596,10,7.2,5.0,0.854185469207316
402,50,3.4287567468208,0.644713865289577,0,7.2,5.0,0.832892590931763
403,50,2.93730349246524,0.610488311399856,0,8.4,5.0,0.821736491066473
404,50,3.54393043933047,0.536184241212727,12,7.0,5.0,0.798416364152269
405,50,4.44360484200704,0.572031539785663,2,5.6,5.0,0.816655511803
406,50,4.99277368471788,0.557858404131268,12,5.0,5.0,0.818838679447311
407,50,5.19674096101476,0.528393358876117,3,4.8,5.0,0.804481626035496
408,50,4.8292971824529,0.541682714198456,6,5.2,5.0,0.80398430024237
409,50,4.33598948098596,0.580440779610195,5,5.8,5.0,0.817174243155781
410,50,3.65071487349414,0.577610194902549,9,7.0,5.0,0.786967006100524
411,50,4.46137180741042,0.611425176300739,12,5.6,5.0,0.842826806068197
412,50,3.58555522129519,0.622302182242212,2,7.0,5.0,0.840562952281982
413,50,3.60774188489182,0.645346437892165,0,7.0,5.0,0.837114056702506
414,50,3.68835093788538,0.5682636459548,6,6.8,5.0,0.820260940099529
415,50,4.44418125844866,0.564035759897829,1,5.6,5.0,0.813789363937924
416,50,4.27154187288743,0.630203564884225,4,5.8,5.0,0.829669309140781
417,50,5.96502952316482,0.594878449664057,6,4.2,5.0,0.830457030460529
418,50,9.65126210853857,0.630778499639069,9,2.6,5.0,0.831530472064705
419,50,7.33576388133393,0.58383641512577,8,3.4,5.0,0.823402235123216
420,50,4.78152465958236,0.616247987117552,10,5.2,5.0,0.831198976817551
421,50,4.47462877371325,0.55026797712255,7,5.6,5.0,0.813964885693768
422,50,3.42701575905794,0.572544949747348,1,7.4,5.0,0.801189077399367
423,50,3.17081978341532,0.639069132100616,5,8.0,5.0,0.82934026612898
424,50,3.39438198178182,0.633726247987118,2,7.0,5.0,0.763240921588697
425,50,4.04840759215295,0.703313898606252,4,6.2,5.0,0.871789839821848
426,50,4.96329665417712,0.636671553112333,3,5.0,5.0,0.833426279567418
427,50,6.58571501234144,0.599766894330612,9,3.8,5.0,0.835873467158565
428,50,8.32900720474864,0.611575656616136,2,3.0,5.0,0.842045766468256
429,50,5.44248391306236,0.654900438669554,14,4.6,5.0,0.857374706990486
430,50,6.24015514430686,0.615375867621745,7,4.0,5.0,0.840301019588528
431,50,3.89161103096922,0.623715475595536,5,6.4,5.0,0.840829533519314
432,50,3.57255976610828,0.661137986562274,2,7.0,5.0,0.863777244731992
433,50,3.35965946763835,0.604281970126048,5,7.4,5.0,0.830687816710478
434,50,4.17338001922339,0.669670275973125,11,6.0,5.0,0.863866959944055
435,50,3.82593207905462,0.650605697151424,6,6.6,5.0,0.838247285128121
436,50,4.16846438248671,0.612882003442723,10,6.0,5.0,0.844076107496243
437,50,4.36638405039962,0.713143983563774,2,5.8,5.0,0.85341830917959
438,50,3.65776683737821,0.650400355377867,3,6.8,5.0,0.84914393577549
439,50,3.65676195393198,0.681637847742795,8,6.8,5.0,0.861058512701971
440,50,3.91479687069245,0.610172358265312,7,6.4,5.0,0.838984278600232
441,50,4.32470104285889,0.634830584707646,8,5.8,5.0,0.8454404149745
442,50,4.22688662356521,0.648438114276195,7,6.0,5.0,0.825295548598917
443,50,4.46085518966765,0.590008662335499,2,5.6,5.0,0.833952187128319
444,50,3.76686671568079,0.619425953689822,10,6.6,5.0,0.835422591215933
445,50,3.94551302719841,0.620207007607308,10,6.4,5.0,0.825414992737525
446,50,3.65342607597754,0.637691709700705,16,6.8,5.0,0.841561429316381
447,50,3.37792952060822,0.631018490754623,7,7.4,5.0,0.852138202461596
448,50,2.78489724083633,0.65538675106891,6,9.0,5.0,0.857913219520569
449,50,2.7676655008159,0.677675273474374,4,9.0,5.0,0.865063483714541
450,50,2.58660145438089,0.638341051696374,0,9.8,5.0,0.834721301255737
451,50,2.92328980752674,0.605483702593148,5,8.6,5.0,0.832562749971227
452,50,3.78917880421603,0.538070298184241,8,6.6,5.0,0.814449122201579
453,50,5.71831844308017,0.565444833138986,14,4.4,5.0,0.805048989076279
454,50,5.44717001443592,0.564556832694764,2,4.6,5.0,0.818481231589509
455,50,4.07724584383022,0.536997279138209,4,6.2,5.0,0.788968305780281
456,50,4.31645830562999,0.635930479204842,1,5.8,5.0,0.850726393399915
457,50,3.80146747125467,0.576955300127714,9,6.6,5.0,0.822738215912159
458,50,4.31426698186505,0.635792992392693,6,5.8,5.0,0.851973098355877
459,50,4.14507699947799,0.643982675329002,3,6.0,5.0,0.844913028049689
460,50,5.72125394636725,0.6438681770226,2,4.4,5.0,0.834783518981864
461,50,5.41788235712603,0.582922094508301,9,4.6,5.0,0.8231972103934
462,50,5.95721751648334,0.552314953634294,14,4.2,5.0,0.818038010936456
463,50,4.34712866005691,0.63221045033039,0,5.8,5.0,0.831596907770911
464,50,3.69551942233948,0.65589694041868,8,6.8,5.0,0.85114312079557
465,50,4.45719948448137,0.619251707479594,17,5.6,5.0,0.843478861801948
466,50,3.78118119454025,0.714579043811428,2,6.6,5.0,0.881839797159631
467,50,2.60753314559328,0.656839802321062,5,9.6,5.0,0.860722810650813
468,50,3.06592198084865,0.701324670997834,2,8.2,5.0,0.870418299956779
469,50,3.91108930916643,0.626841468154811,5,6.4,5.0,0.84784698552237
470,50,3.68866870139114,0.689089122105614,8,6.8,5.0,0.868404981594694
471,50,4.04042641043825,0.671624187906047,2,6.2,5.0,0.863788376186531
472,50,5.70149374761879,0.621958576267422,4,4.4,5.0,0.837205885722043
473,50,5.75946482288285,0.687203620412016,3,4.4,5.0,0.831650221992531
474,50,5.94645426583353,0.673185962574268,7,4.2,5.0,0.865739324421673
475,50,5.68148719836184,0.642938419679049,9,4.4,5.0,0.856976843505468
476,50,5.18680094403735,0.644680104392248,10,4.8,5.0,0.845224931210956
477,50,5.01015396237231,0.658880448664557,10,5.0,5.0,0.857521042028447
478,50,3.78910118225739,0.652581375978677,1,6.6,5.0,0.860300009201647
479,50,3.38219164313923,0.647440835137987,15,7.8,5.0,0.76871946428749
480,50,3.3765929168563,0.553246932089511,2,7.4,5.0,0.820229405215764
481,50,2.78275781686224,0.530093397745572,1,9.0,5.0,0.809064142244761
482,50,3.23988348450851,0.518361930146038,8,7.6,5.0,0.778996450869632
483,50,4.24944576515713,0.529073130101616,9,5.8,5.0,0.777187296525083
484,50,4.60684783827911,0.488074185129657,2,5.4,5.0,0.781865068994017
485,50,3.54549220447804,0.550363151757455,2,7.0,5.0,0.804976853875004
486,50,5.65827894217127,0.559782553167861,8,4.4,5.0,0.810114289202162
487,50,5.6873936300035,0.62248075962019,8,4.4,5.0,0.84566558284419
488,50,4.31593520334843,0.643301460380921,5,5.8,5.0,0.853985005702907
489,50,4.2817480300662,0.632916541729136,20,5.8,5.0,0.836485562649028
490,50,5.00931703671795,0.604844577711144,2,5.0,5.0,0.836399212565687
491,50,2.84827322091288,0.646170137153645,1,8.6,5.0,0.825198954392775
492,50,2.87226469663048,0.61808362485424,7,8.6,5.0,0.827104924422296
493,50,3.46716314921807,0.552157476817147,3,7.2,5.0,0.817842826033069
494,50,3.58988929540863,0.575086567827197,2,7.0,5.0,0.819158965031009
495,50,3.73081101401784,0.590929313121217,1,6.6,5.0,0.803979606808908
496,50,8.36275090317054,0.684352268310289,4,3.0,5.0,0.856594762833341
497,50,8.93646127155908,0.639599755677717,7,2.8,5.0,0.851143054095259
498,50,7.3331945778767,0.690923205064135,7,3.4,5.0,0.864750749795513
499,50,7.37130999034088,0.696448442445444,12,3.4,5.0,0.867756884840458
500,50,5.93618214811,0.662610472541507,12,4.2,5.0,0.85547983731967
501,50,4.02322776462916,0.572165805985896,11,6.2,5.0,0.823496632193294
502,50,2.97707014235184,0.712065967016492,9,8.4,5.0,0.884299050974534
503,50,2.52250485542242,0.58797023710367,5,9.8,5.0,0.818553118530669
504,50,2.4400222989074,0.641858626242434,6,10.2,5.0,0.85023986150035
505,50,2.53178444468911,0.586837914376145,1,9.8,5.0,0.823411411271548
506,50,2.96817481071926,0.576461991226609,0,8.6,5.0,0.79598348944285
507,50,3.96871055550706,0.564302959631296,14,6.4,5.0,0.790448030659149
508,50,5.9541119334092,0.519589649619635,0,4.2,5.0,0.806799065888515
509,50,4.77569171397885,0.503301682492087,8,5.2,5.0,0.782715687283423
510,50,5.97029196582938,0.528753290021656,4,4.2,5.0,0.800943803819539
511,50,5.44823123626411,0.592571825198512,4,4.6,5.0,0.829066632762277
512,50,4.7870906928618,0.62976211894053,6,5.2,5.0,0.839793393899864
513,50,4.17223306418448,0.608118940529735,5,6.0,5.0,0.839926225561356
514,50,5.67838518141418,0.632513409961686,8,4.4,5.0,0.85095261090878
515,50,4.66037394395334,0.713479149314232,3,5.4,5.0,0.867495283037295
516,50,4.6158177726483,0.696207673940807,4,5.4,5.0,0.870308856182651
517,50,4.81462689934363,0.678719529124327,5,5.2,5.0,0.8673557111377
518,50,4.76544316647898,0.675335332333833,8,5.2,5.0,0.845812228812187
519,50,4.99680666433054,0.673818757288023,2,5.0,5.0,0.867617600509978
520,50,4.46615813543022,0.673346326836582,12,5.6,5.0,0.868217177704208
521,50,5.69901311512153,0.683845188516853,10,4.4,5.0,0.863395515542526
522,50,3.96374270070003,0.71005619412516,0,6.2,5.0,0.845549267307487
523,50,3.45609413360569,0.653454161807985,6,7.4,5.0,0.818114734170964
524,50,3.94935118859364,0.601712921317119,15,6.4,5.0,0.815893026614042
525,50,4.17768521330779,0.65855738797268,4,6.0,5.0,0.856883878529109
526,50,2.87313093202158,0.66605652729191,4,8.6,5.0,0.846779945625629
527,50,3.57842212167076,0.573715364539952,3,7.0,5.0,0.825319157652529
528,50,4.32375813866183,0.57378821700261,4,5.8,5.0,0.821573821554676
529,50,3.92203853518098,0.505399966683325,11,6.4,5.0,0.792834107840777
530,50,4.17083477879192,0.525210616913765,13,6.0,5.0,0.807593760015985
531,50,4.80299418043372,0.586238325281804,8,5.2,5.0,0.831689635397435
532,50,3.54548824220157,0.532315397856627,6,7.0,5.0,0.797755493886206
533,50,3.24025440851226,0.544525515020268,8,7.8,5.0,0.797449673110524
534,50,2.98837121172493,0.609876395135766,3,8.4,5.0,0.83673006772193
535,50,2.77642595929077,0.659139097118108,0,9.2,5.0,0.830209335825183
536,50,3.30129164992251,0.578797823310567,3,7.6,5.0,0.824511169755817
537,50,5.01581191747257,0.582983508245877,5,5.0,5.0,0.823853927347067
538,50,6.239076442151,0.603570659114887,3,4.0,5.0,0.83494494975188
539,50,6.54881905643561,0.634662668665667,10,3.8,5.0,0.836316780888707
540,50,8.8920191376365,0.595232494863679,7,2.8,5.0,0.816934996558742
541,50,5.94370155732573,0.593764784274529,11,4.2,5.0,0.83234308715267
542,50,4.47122540807876,0.644918873896385,6,5.6,5.0,0.853832429732218
543,50,3.43671127638456,0.681174523849186,12,7.2,5.0,0.851893911505883
544,50,3.34013742218599,0.62485346215781,4,7.4,5.0,0.827841914960494
545,50,2.74092329255363,0.681261258259759,1,9.2,5.0,0.858709924219143
546,50,5.41689620818949,0.635073130101616,6,8.0,5.0,0.436295028631476
547,50,3.66557981426319,0.578674329501916,10,6.8,5.0,0.825005665827864
548,50,4.30193827088307,0.531126547837192,8,5.8,5.0,0.807448733486759
549,50,3.82150027402906,0.602644455550003,0,6.6,5.0,0.821541071283094
550,50,4.25936372492047,0.586887445166306,1,5.8,5.0,0.805650113576517
551,50,4.98928114354031,0.536663668165917,15,5.0,5.0,0.808302358904537
552,50,5.00541082762998,0.653695263479371,1,5.0,5.0,0.858249080471425
553,50,3.69099583482827,0.586807818313066,12,6.8,5.0,0.826132756497788
554,50,5.01250936505586,0.617474040757399,5,5.0,5.0,0.839576728044332
555,50,4.30708885738304,0.598547392970181,4,5.8,5.0,0.837471715164038
556,50,3.65156516975179,0.644525737131434,5,6.8,5.0,0.843230167643179
557,50,3.36580479073976,0.662920872896885,2,7.4,5.0,0.857717875715159
558,50,4.61753193713423,0.633555444499972,9,5.4,5.0,0.846250325392072
559,50,4.4362695191898,0.625134543839192,4,5.6,5.0,0.833702210520767
560,50,5.00857435649931,0.576651785218502,8,5.0,5.0,0.825559837029879
561,50,5.21374971845085,0.585886390138264,8,4.8,5.0,0.831122232624248
562,50,4.50867084354925,0.594196457326892,6,5.6,5.0,0.812179295429424
563,50,4.03311946152589,0.566352934643789,16,6.2,5.0,0.826024780469397
564,50,3.56940124101639,0.668022211116664,13,7.0,5.0,0.8659949472259
565,50,3.07614920716421,0.680113054583819,0,8.4,5.0,0.817520231167762
566,50,2.50332201642942,0.608837803320562,1,10.2,5.0,0.813692174600891
567,50,2.98646902667227,0.669779110444778,9,8.6,5.0,0.823728492400086
568,50,3.47766225236056,0.696685101893498,9,7.2,5.0,0.875427682894184
569,50,3.22979654591294,0.635094230662447,5,7.8,5.0,0.839593013628939
570,50,3.89359562664806,0.576023988005997,10,6.4,5.0,0.822911850411449
571,50,5.19530543921456,0.585993558776168,5,4.8,5.0,0.826681212900382
572,50,3.68868928365847,0.571850963407185,5,6.8,5.0,0.821497664876088
573,50,3.29903839909553,0.641490699094897,1,7.6,5.0,0.850911821156694
574,50,3.66376125436535,0.671964684324504,12,6.8,5.0,0.861255973605351
575,50,4.80885705421613,0.628072963518241,1,5.2,5.0,0.850531150558473
576,50,3.77473446129311,0.601910822366595,11,6.6,5.0,0.832980052183401
577,50,5.2062503009308,0.639480815147982,9,4.8,5.0,0.854545104626657
578,50,4.16144821955088,0.643138875006941,1,6.0,5.0,0.85414073618256
579,50,3.67659148270906,0.616938308623466,5,6.8,5.0,0.846702795533154
580,50,3.65083493445036,0.69184307846077,5,6.8,5.0,0.861740295189224
581,50,4.63199182621472,0.677081681381532,16,5.4,5.0,0.869418694706304
582,50,4.05576374139622,0.636199344772058,7,6.2,5.0,0.840700228673116
583,50,3.47017425940681,0.649194735965351,3,7.2,5.0,0.858451628088673
584,50,3.66450223310546,0.606661891276584,4,6.8,5.0,0.835568672148495
585,50,3.46941438106307,0.559269920595258,8,7.2,5.0,0.822027980674004
586,50,3.52598958966028,0.672460658559609,14,7.0,5.0,0.842905850448087
587,50,3.26463888856162,0.637903159531345,3,7.6,5.0,0.840621479421916
588,50,3.43802217507696,0.619786329057693,3,7.2,5.0,0.828073082377297
589,50,3.88891866133918,0.583892387139764,4,6.4,5.0,0.823335306069117
590,50,3.89158198700682,0.626628574601588,6,6.4,5.0,0.841977846295054
591,50,3.86886032434258,0.636345827086457,3,6.4,5.0,0.832913085560074
592,50,4.18541918280461,0.643496251874063,0,6.0,5.0,0.846354101820102
593,50,6.59315172533191,0.64322583152868,11,3.8,5.0,0.84888708129991
594,50,7.80079991945711,0.662467544005775,7,3.2,5.0,0.858048154436765
595,50,5.22158936111286,0.643123882503193,8,4.8,5.0,0.849399990597349
596,50,4.62499624751672,0.630600588594592,14,5.4,5.0,0.849473027790173
597,50,4.3286681035463,0.597803986895441,1,5.8,5.0,0.828325449789084
598,50,3.1379149395604,0.697526125825976,4,8.0,5.0,0.871360287848075
599,50,2.99687725314261,0.612022322172247,4,8.2,5.0,0.815203601321374
600,50,3.70562793159886,0.589417291354323,6,6.8,5.0,0.818768148910294
601,50,4.04599582298856,0.628625576100838,4,6.2,5.0,0.84331927635202
602,50,4.31498488871049,0.512224998611805,9,5.8,5.0,0.802118821314557
603,50,6.57937927475049,0.567029041035038,5,3.8,5.0,0.826552584502235
604,50,4.61850108403286,0.615996001999001,5,5.4,5.0,0.839794762249988
605,50,4.43670755730645,0.665900938419679,10,5.6,5.0,0.850257567264036
606,50,4.28002216627807,0.687668499083791,27,5.8,5.0,0.857409244910073
607,50,3.76343912582261,0.673768115942029,7,6.6,5.0,0.855193277335059
608,50,2.18292739752987,0.7238641790216,13,11.2,5.0,0.861401523745057
609,50,2.35929051610753,0.683907157532345,1,10.8,5.0,0.848013756982322
610,50,2.11705613955433,0.654929646287967,2,12.4,5.0,0.806967068611615
611,50,2.16647949346383,0.619303570437004,0,11.6,5.0,0.841013032925174
612,50,2.60132369471925,0.546501971236604,11,10.0,5.0,0.763399745671225
613,50,5.42169377896958,0.504618912765839,5,4.6,5.0,0.794095729671862
614,50,4.6418103998912,0.514260092176134,17,5.4,5.0,0.798483526357344
615,50,6.58116411148788,0.47829007718363,17,3.8,5.0,0.789988926878542
616,50,3.57257585597407,0.554302626464546,4,7.0,5.0,0.821033468724812
617,50,2.53448625864741,0.648154589371981,0,10.0,5.0,0.839259872500132
618,50,2.38161319647494,0.696725748236993,7,10.8,5.0,0.841120848872679
619,50,2.95743547442759,0.640310400355378,1,8.6,5.0,0.827303192010072
620,50,2.76876568746441,0.66682503192848,8,9.0,5.0,0.861371054163558
621,50,4.3360034920176,0.61227064245655,5,5.8,5.0,0.829898195977997
622,50,6.26882612079197,0.650918984951968,1,4.0,5.0,0.849280645343872
623,50,5.96128757313449,0.594567827197512,9,4.2,5.0,0.83253033509642
624,50,5.68415265883615,0.696918873896385,11,4.4,5.0,0.877370125663822
625,50,5.22872550337005,0.624724304514409,18,4.8,5.0,0.837898937808042
626,50,3.66295964016041,0.586138597367983,5,6.8,5.0,0.826456937457055
627,50,2.81382535564512,0.555851851851852,5,8.8,5.0,0.806519010749683
628,50,2.77735134213226,0.5966704425565,2,8.8,5.0,0.802812436388762
629,50,2.65065868930924,0.62255672163918,9,9.6,5.0,0.822366763579709
630,50,3.03533405916897,0.52832250541396,5,8.2,5.0,0.803368189380173
631,50,3.203874446905,0.5445346215781,2,7.8,5.0,0.817062535671293
632,50,4.79401696158497,0.566154145149647,1,5.2,5.0,0.81836714569394
633,50,5.45882062937174,0.588545282914099,7,4.6,5.0,0.821333858456524
634,50,6.59533172488559,0.610112277194736,4,3.8,5.0,0.83437276925258
635,50,5.15009277828533,0.643633960797379,5,4.8,5.0,0.824432422009979
636,50,6.5878364442601,0.649914042978511,5,3.8,5.0,0.854679163105154
637,50,6.54419111544801,0.592157809983897,4,3.8,5.0,0.816709824553136
638,50,5.6830051054856,0.58989494141818,4,4.4,5.0,0.835246666614334
639,50,4.99061804878574,0.548308179243711,5,5.0,5.0,0.813746422918787
640,50,5.70777534083912,0.580634016325171,1,4.4,5.0,0.817073347128799
641,50,5.46911237425987,0.570899661280471,5,4.6,5.0,0.808445655878697
642,50,6.55095517925285,0.637141651396524,4,3.8,5.0,0.838518682956095
643,50,6.54987738748821,0.651202176689433,13,3.8,5.0,0.843531597358536
644,50,6.56047229829768,0.663021156088622,2,3.8,5.0,0.854324502015131
645,50,4.54541860646592,0.569206952079516,2,5.6,5.0,0.782656185321728
646,50,4.99160187349328,0.636819368093731,9,5.0,5.0,0.849730835846542
647,50,4.79059080305314,0.62013748681215,11,5.2,5.0,0.837966618780327
648,50,4.13886558854901,0.627625520573047,5,6.0,5.0,0.834820757756914
649,50,3.38918555919257,0.595715697706702,5,7.4,5.0,0.831871298471513
650,50,4.34234550411332,0.631695263479371,4,5.8,5.0,0.834073073506822
651,50,3.94834829228378,0.725735909822866,14,6.4,5.0,0.866055791671784
652,50,3.65964361578154,0.655477705591649,1,6.8,5.0,0.852261975620082
653,50,3.32439707336386,0.696334499416958,13,7.8,5.0,0.814598024452668
654,50,4.29070131741919,0.659395302348826,7,5.8,5.0,0.852199075308898
655,50,3.39366716997271,0.659568215892054,3,7.4,5.0,0.854792147736888
656,50,3.17622319979464,0.619344549947249,1,7.8,5.0,0.830882032931417
657,50,3.24632081800535,0.6185292909101,4,7.6,5.0,0.822591078965996
658,50,4.99943909327287,0.581724360042201,19,5.0,5.0,0.832353388651449
659,50,4.46997941040338,0.599644177911044,6,5.6,5.0,0.836460794364016
660,50,3.68174402485504,0.632068965517241,7,6.8,5.0,0.849680122162096
661,50,3.83508448445322,0.645526125825976,2,6.6,5.0,0.831163788239037
662,50,3.36240766052467,0.642402576489533,3,7.4,5.0,0.847529232318089
663,50,3.28134709935537,0.666860236548392,1,7.6,5.0,0.861907449141246
664,50,3.46818365583949,0.588102615358987,7,7.4,5.0,0.785798116890843
665,50,6.58358438072524,0.602153700927314,6,3.8,5.0,0.838092114599054
666,50,6.24293709527158,0.591202954078516,14,4.0,5.0,0.832273159766095
667,50,6.57300618477075,0.588637792215004,16,3.8,5.0,0.831911460138798
668,50,4.03724173864114,0.589059026042534,12,6.2,5.0,0.832648234161597
669,50,2.84454460393642,0.602085068576823,2,8.8,5.0,0.838660621000001
670,50,2.30323253267288,0.605590760175468,0,11.0,5.0,0.824474962159581
671,50,2.51007895811774,0.702001221611417,7,10.0,5.0,0.874813456747603
672,50,2.8215459401758,0.625888944416681,11,8.8,5.0,0.838958373541331
673,50,3.36288158890679,0.651761341551446,20,7.4,5.0,0.851548354362788
674,50,3.89519394690896,0.633270920095508,1,6.4,5.0,0.846747275753887
675,50,3.15274283304877,0.726793825309567,7,8.0,5.0,0.874521163477804
676,50,3.23475572896276,0.661723360541951,4,7.8,5.0,0.847424348701445
677,50,2.66971514775618,0.686973513243378,7,9.2,5.0,0.847485458245566
678,50,2.93693903398889,0.703918485201844,3,8.6,5.0,0.864112993836945
679,50,3.27690933009944,0.64130512521517,8,7.8,5.0,0.816337840795671
680,50,5.68064515850765,0.614130268199234,20,4.4,5.0,0.844949117882303
681,50,4.30568647978529,0.608182131156644,0,5.8,5.0,0.840490803458648
682,50,2.96239208304494,0.565533011272142,7,8.4,5.0,0.818046851079901
683,50,3.35651301510744,0.626550613582098,3,7.6,5.0,0.812923790657785
684,50,3.2839508680386,0.679996557276917,13,7.6,5.0,0.868703133705425
685,50,3.28862618473854,0.679198622910767,6,7.6,5.0,0.871171380071574
686,50,2.9618981079665,0.683814092953523,6,8.6,5.0,0.842288410692968
687,50,4.29809446221617,0.66370958964962,0,5.8,5.0,0.858222569613101
688,50,3.87474000742248,0.594410017213615,12,7.0,5.0,0.698129797284326
689,50,4.49277466151372,0.66856238547393,3,5.6,5.0,0.850805068972813
690,50,3.36583501352026,0.630937198067633,12,7.4,5.0,0.844942092720135
691,50,4.62833088267162,0.581529901715809,2,5.4,5.0,0.831833723274348
692,50,3.78379786870959,0.649225054139597,10,6.6,5.0,0.857251421934055
693,50,4.29271181729818,0.634404575490033,6,5.8,5.0,0.843365345687046
694,50,3.16697388540821,0.597545893719807,10,7.8,5.0,0.816967116222699
695,50,3.77811785074371,0.625607307457382,4,6.6,5.0,0.844442973885787
696,50,3.09920553928306,0.629872175023599,1,8.0,5.0,0.836861367196209
697,50,3.92400726085769,0.631840524182353,5,6.4,5.0,0.842267744244462
698,50,4.04034616984927,0.627320228774502,4,6.2,5.0,0.846114163848998
699,50,4.79158843563472,0.692179910044977,4,5.2,5.0,0.86736277605581
700,50,5.16775974483373,0.653649952801377,4,4.8,5.0,0.838065043993741
701,50,6.93944521366051,0.663435393414404,5,3.6,5.0,0.862389539787857
702,50,6.9296687939357,0.655627741684713,7,3.6,5.0,0.853514790929434
703,50,5.68537448813156,0.65213148981065,11,4.4,5.0,0.85872637367706
704,50,5.19020211801532,0.628590926758843,15,4.8,5.0,0.840751373609273
705,50,4.01843332330573,0.665648731189961,11,6.2,5.0,0.858077758024969
706,50,2.9676560983556,0.612688322505414,3,8.4,5.0,0.839998034088848
707,50,2.68907375016759,0.680546171358765,7,9.8,5.0,0.799434529063582
708,50,2.67881655765523,0.614898106502304,0,9.4,5.0,0.834631949834161
709,50,2.64592521815539,0.625256816036426,1,9.4,5.0,0.842023452222495
710,50,3.44050785267829,0.605345327336332,6,7.2,5.0,0.823694439787193
711,50,5.67624206478093,0.514161474818146,2,4.4,5.0,0.802337472146624
712,50,7.3589416616645,0.521069132100616,1,3.4,5.0,0.804848836313375
713,50,7.7896944279991,0.669471708590149,12,3.2,5.0,0.854410439012892
714,50,12.5000348487023,0.60783874729302,15,2.0,5.0,0.843114590425221
715,50,5.70532685597401,0.620037869953912,17,4.4,5.0,0.834233922199102
716,50,3.48227701050758,0.660322394358376,11,7.2,5.0,0.858156140031173
717,50,2.70231940870036,0.696073851962908,6,9.4,5.0,0.853833914211088
718,50,2.27619448657165,0.69994747070909,1,11.2,5.0,0.854663212307734
719,50,2.07332710234689,0.673181187184186,2,12.2,5.0,0.855126001705024
720,50,2.4927093556575,0.561342439891166,0,10.0,5.0,0.820194250481662
721,50,3.34463944298145,0.533539896718308,1,7.4,5.0,0.793833294623593
722,50,6.26743676086705,0.480845244044644,9,4.0,5.0,0.782055338784829
723,50,12.5432904146163,0.420242656449553,7,2.0,5.0,0.743200592715626
724,50,9.63469014851887,0.491322671997335,6,2.6,5.0,0.78516513589934
725,50,6.57322867737515,0.551917596757177,22,3.8,5.0,0.817355334421661
726,50,5.43356015695703,0.600599589094342,3,4.6,5.0,0.839507260165975
727,50,2.78608891173372,0.665542784163474,10,9.0,5.0,0.861271536718229
728,50,2.66967991576419,0.744678660669665,5,9.4,5.0,0.891868854620382
729,50,2.63784576813151,0.62165139652396,3,9.6,5.0,0.829111492619866
730,50,2.71592950347538,0.598620467544006,6,9.2,5.0,0.838572386731446
731,50,2.91832541733644,0.622311177744461,8,8.6,5.0,0.842191675508764
732,50,4.61850656703458,0.565589760675218,5,5.4,5.0,0.819635483342517
733,50,3.89730949741544,0.600880115497807,5,6.4,5.0,0.835035278971748
734,50,4.62633980441472,0.593996557276917,13,5.4,5.0,0.83563120021789
735,50,4.66088051660134,0.581677938808373,3,5.4,5.0,0.814488857122705
736,50,3.35809380164051,0.580573268921095,9,7.4,5.0,0.820300531923757
737,50,3.65519538827354,0.594875340107724,4,6.8,5.0,0.825450938989765
738,50,3.55944385560307,0.630815481148315,7,7.0,5.0,0.84522052219887
739,50,3.70536321375905,0.643614970292631,2,6.8,5.0,0.840597218235083
740,50,3.49349125967474,0.536692320506414,15,7.2,5.0,0.802181275722245
741,50,5.00450239041085,0.588498084291188,8,5.0,5.0,0.83270990780514
742,50,3.43099168562851,0.637977122549836,1,7.4,5.0,0.825200743564585
743,50,3.41717787603374,0.605819978899439,4,7.2,5.0,0.811024466287427
744,50,3.70958635524736,0.571013160086623,18,6.6,5.0,0.784840590495776
745,50,4.16436974125879,0.551608529068799,7,6.0,5.0,0.819268414579899
746,50,2.72895869123223,0.499631850741296,0,9.2,5.0,0.79299167283852
747,50,3.37343020212132,0.510918318618468,13,7.6,5.0,0.757895066277785
748,50,4.14929818642916,0.452700982841912,13,6.0,5.0,0.7708372132693
749,50,2.96988563246356,0.529636737186962,4,8.4,5.0,0.808095489785604
750,50,2.39630651115161,0.598123604864235,3,10.2,5.0,0.808145677251467
751,50,3.38425821692621,0.575894719307013,2,7.4,5.0,0.826850606876541
752,50,3.78152897609654,0.482283191737465,3,6.6,5.0,0.789127429037441
753,50,3.4743166148078,0.628254872563718,6,7.0,5.0,0.79819235260704
754,50,5.03541485208363,0.522565717141429,11,5.0,5.0,0.788504163500919
755,50,6.94801867239678,0.548432117274696,15,3.6,5.0,0.81723594792535
756,50,4.99145607573786,0.608165805985896,1,5.0,5.0,0.838183395877283
757,50,3.41921793758483,0.685216724970848,2,7.4,5.0,0.850544410148225
758,50,3.49654971129684,0.6278661780221,8,7.2,5.0,0.836896640630354
759,50,3.6164472989413,0.672861347104226,2,7.0,5.0,0.843296928125739
760,50,3.38770868751421,0.639088677883281,1,7.4,5.0,0.850089035712121
761,50,4.55357368864782,0.63717097007052,2,5.6,5.0,0.805686917520983
762,50,8.94167010508342,0.521776667221945,11,2.8,5.0,0.800953075062612
763,50,8.33385659090155,0.515403853628741,20,3.0,5.0,0.805847751088791
764,50,5.20345670413636,0.559102337720029,4,4.8,5.0,0.820729157357427
765,50,3.4139991355269,0.568038203120662,16,7.2,5.0,0.79420347795058
766,50,3.25090302730092,0.550283858070965,7,7.6,5.0,0.797830615957907
767,50,2.36283273523344,0.641658504081293,12,10.6,5.0,0.854069363961433
768,50,2.18731246263043,0.698641790216003,0,11.6,5.0,0.860773175952016
769,50,2.02328649798793,0.61639780109945,3,11.8,5.0,0.794325455412849
770,50,3.21737000172784,0.558544172358265,3,7.8,5.0,0.816161420506447
771,50,3.22451989414026,0.604029651840746,6,7.6,5.0,0.805016588840642
772,50,5.02047685929533,0.528686545616081,4,5.0,5.0,0.799435035644796
773,50,5.19627132679363,0.528179910044978,15,4.8,5.0,0.804121014836428
774,50,7.8054937613439,0.514691098894997,6,3.2,5.0,0.801701943863008
775,50,3.96466517619365,0.599997445721584,3,6.2,5.0,0.802010964451621
776,50,3.62164823330033,0.602698428563496,9,6.8,5.0,0.809895529773297
777,50,3.66959369105692,0.628610472541507,4,6.8,5.0,0.847346232005057
778,50,3.39991219234022,0.666019434727081,2,7.4,5.0,0.85375984405438
779,50,3.34773205210443,0.670752179465823,11,7.4,5.0,0.85045983830279
780,50,5.22305017221763,0.528666999833417,6,4.8,5.0,0.802764763308976
781,50,4.18751699889308,0.548893442167805,11,5.8,5.0,0.753922472810545
782,50,3.89716513076245,0.552392359375868,6,6.4,5.0,0.815555097312852
783,50,3.6443183879411,0.536644677661169,2,6.8,5.0,0.795967486883532
784,50,3.51901405582185,0.512484535510023,11,7.2,5.0,0.778173677807996
785,50,3.48793109744957,0.565201621411517,12,7.2,5.0,0.816801094964696
786,50,3.48516611231462,0.673213504358932,3,7.2,5.0,0.861618309770825
787,50,3.00563296512239,0.616367149758454,3,8.4,5.0,0.829386606975657
788,50,3.67857799928513,0.606760952856905,3,6.8,5.0,0.841442593553602
789,50,4.00425607250229,0.646811927369649,1,6.2,5.0,0.842381227502044
790,50,3.93146163290324,0.592213004608807,11,6.4,5.0,0.822130219676749
791,50,5.71204877624763,0.678849575212394,14,4.4,5.0,0.853933716491628
792,50,5.95569084795896,0.536312621467044,5,4.2,5.0,0.812545662836457
793,50,3.95261741335529,0.620648231439836,6,6.4,5.0,0.821671644492369
794,50,3.66805989745644,0.604038314176245,0,6.8,5.0,0.83661100128196
795,50,3.31710269690141,0.603228385807096,4,7.4,5.0,0.80664869881216
796,50,3.49449102455632,0.627913265589428,8,7.2,5.0,0.838095083285265
797,50,4.31549642978547,0.614733633183408,5,5.8,5.0,0.842818333880147
798,50,5.42571253413854,0.631533566550058,4,4.6,5.0,0.847220298183597
799,50,5.44233836563185,0.654522738630685,12,4.6,5.0,0.857309638225688
800,50,5.96953794627483,0.573076572824699,8,4.2,5.0,0.819110071100795
801,50,3.78961553190428,0.589407074240657,1,6.6,5.0,0.834722589882105
802,50,3.39907300807551,0.554566827697262,12,7.4,5.0,0.809661703690021
803,50,4.17885799733969,0.607691265478372,11,6.0,5.0,0.835849810620765
804,50,3.39632255196393,0.708365150757954,4,7.4,5.0,0.872769346364825
805,50,2.84241060281932,0.670141706924316,10,8.8,5.0,0.867157126325138
806,50,3.44942574644181,0.62312277194736,0,7.2,5.0,0.835876080934818
807,50,3.28581016778398,0.662905880393137,5,7.6,5.0,0.862972265752304
808,50,3.37323845424069,0.624496085290688,14,7.4,5.0,0.84673024987835
809,50,4.16401835351095,0.652858015436726,2,6.0,5.0,0.859558415358436
810,50,3.78088834791252,0.658974068521295,13,6.6,5.0,0.859424479511868
811,50,4.01335257364146,0.579596757176967,6,6.2,5.0,0.820705879967845
812,50,3.6458414374425,0.654847798323061,5,6.8,5.0,0.844107787533971
813,50,3.13253879778947,0.676458770614693,2,8.0,5.0,0.866094074499427
814,50,3.1453557153945,0.630460658559609,6,8.0,5.0,0.840214488062519
815,50,4.41617768243018,0.656765395080238,13,5.6,5.0,0.835166231576887
816,50,3.91780233590766,0.65309400855128,11,6.4,5.0,0.854385361403888
817,50,3.91673264324606,0.650589038813926,11,6.4,5.0,0.85401127735946
818,50,3.3939472559532,0.706523516019768,4,7.4,5.0,0.873411284302642
819,50,2.87557572452426,0.740424787606197,3,8.6,5.0,0.877902906023633
820,50,2.77782085113744,0.569070353712033,5,9.0,5.0,0.827602298582045
821,50,2.93139336093532,0.618632350491421,0,8.4,5.0,0.821727113976207
822,50,3.65241999526944,0.620452107279694,3,6.8,5.0,0.834089394580091
823,50,5.42360835575339,0.556701093897496,18,4.6,5.0,0.816049976101237
824,50,8.32753304310537,0.557463157310234,7,3.0,5.0,0.819525158513289
825,50,4.29457890796962,0.582460436448442,4,5.8,5.0,0.823671446144635
826,50,3.73029107369756,0.543942473207841,7,6.6,5.0,0.784905819433991
827,50,3.90300336595325,0.556929313121217,4,6.4,5.0,0.820830048740857
828,50,3.20704761321955,0.526702204453329,13,7.8,5.0,0.809531443165516
829,50,3.14757499484016,0.62245632739186,3,8.0,5.0,0.835736561812308
830,50,3.5675376184254,0.599670498084291,6,7.0,5.0,0.837542675919667
831,50,4.05146969045575,0.624765839302571,3,6.2,5.0,0.838596637992157
832,50,3.75292912350758,0.680050419234827,6,6.6,5.0,0.851758507494617
833,50,4.32167085653778,0.634242989616303,13,5.8,5.0,0.846977683854725
834,50,3.98881730599232,0.603589871730801,5,6.2,5.0,0.816456614427461
835,50,4.04882354946346,0.582664889777334,2,6.2,5.0,0.823288631082336
836,50,3.78683260569132,0.612021655838747,2,6.6,5.0,0.844181609004458
837,50,4.30731140144723,0.609315009162086,10,5.8,5.0,0.841911452297594
838,50,4.46693699707419,0.604899772336054,12,5.6,5.0,0.84037334567095
839,50,3.88937980496166,0.638950302626464,2,6.4,5.0,0.845625933114945
840,50,4.04290992383604,0.610603587095341,1,6.2,5.0,0.837917678924469
841,50,4.46345340530436,0.561556110833472,3,5.6,5.0,0.82412347425652
842,50,4.62012485052287,0.609316230773502,7,5.4,5.0,0.838077318910272
843,50,4.45023077374768,0.644710866788828,3,5.6,5.0,0.849568264700688
844,50,5.06078816526581,0.60226864345605,4,5.0,5.0,0.806524627102629
845,50,7.81992076292881,0.658375478927203,5,3.2,5.0,0.858930531078897
846,50,6.94653683567729,0.602665556110834,2,3.6,5.0,0.839813409068571
847,50,5.6754595844957,0.629452495974235,4,4.4,5.0,0.847989945710941
848,50,5.94516506229203,0.678903104003554,6,4.2,5.0,0.867262725162395
849,50,6.95187046973008,0.652428008218113,5,3.6,5.0,0.856548431693646
850,50,5.93178113979981,0.722515853184519,3,4.2,5.0,0.87689592618952
851,50,5.72980864977039,0.671608862235549,5,4.4,5.0,0.841167836540622
852,50,6.23579715571687,0.626838358598478,19,4.0,5.0,0.84233297436857
853,50,5.46481041358044,0.641483813648731,5,4.6,5.0,0.839102072459778
854,50,3.2669764947113,0.600982841912377,5,7.6,5.0,0.827191815306671
855,50,3.38497102110236,0.622914764839802,2,7.4,5.0,0.845236227392223
856,50,3.47283641101678,0.604222444333389,5,7.4,5.0,0.789905519798778
857,50,3.46604977070269,0.594395691043367,5,7.2,5.0,0.834077524685682
858,50,3.46227088412267,0.537904936420678,8,7.2,5.0,0.809250003686602
859,50,5.68928640495779,0.59037436837137,6,4.4,5.0,0.831702030030125
860,50,4.9650621708194,0.630519184852018,8,5.0,5.0,0.831952643460127
861,50,4.80330940909292,0.548916541729136,3,5.2,5.0,0.816948353136007
862,50,3.90707506582068,0.68384341162752,8,6.4,5.0,0.873042733257432
863,50,4.17631606074249,0.708948525737131,11,6.0,5.0,0.877845106404836
864,50,3.8132844240928,0.588572380476428,14,6.6,5.0,0.820563243344884
865,50,3.45900332608607,0.605074684879782,9,7.2,5.0,0.834202011773472
866,50,2.86906805768907,0.530069076572825,1,8.8,5.0,0.795594977292035
867,50,2.84661269083169,0.593508023765895,0,9.0,5.0,0.798762116438165
868,50,2.89312973673495,0.504268532400466,2,8.6,5.0,0.793512681024362
869,50,3.50538578626958,0.488357154755955,2,7.0,5.0,0.758172052784823
870,50,4.7880168055285,0.440415347881615,8,5.2,5.0,0.764588630913422
871,50,8.9250413017695,0.369294908101505,24,2.8,5.0,0.745607337957298
872,50,9.604118497309,0.415656171914043,4,2.6,5.0,0.759578104848392
873,50,3.46514533778655,0.414972069520795,6,7.2,5.0,0.761772535252325
874,50,3.12172779945366,0.481153423288356,7,8.0,5.0,0.790504452458243
875,50,2.7836757278232,0.599311233272253,0,8.8,5.0,0.807243473296563
876,50,2.5175057972218,0.584522294408351,0,9.8,5.0,0.814352234102021
877,50,2.95692375669628,0.527280581931257,7,8.2,5.0,0.760434877900982
878,50,7.35759021545069,0.475664834249542,18,3.4,5.0,0.787489418491661
879,50,6.25069194665449,0.511932700316508,5,4.0,5.0,0.804358199209597
880,50,3.90708601288916,0.551616636126381,9,6.4,5.0,0.820145465719805
881,50,4.18321420780603,0.568626353489922,3,6.0,5.0,0.817683634460109
882,50,3.38297720095217,0.650388805597201,2,7.8,5.0,0.769558682307434
883,50,3.01495772232318,0.708339830084958,18,8.4,5.0,0.860943671477529
884,50,3.34956268589837,0.63551790771281,4,7.4,5.0,0.837402000115746
885,50,3.38755444768637,0.640461658059859,10,7.4,5.0,0.850729082643889
886,50,3.49855708306569,0.627889832861347,4,7.2,5.0,0.835760454171772
887,50,3.51002321366773,0.654601810206008,11,7.4,5.0,0.792042412842739
888,50,3.27905310665665,0.668003553778666,0,7.6,5.0,0.861013556082987
889,50,2.61330327620535,0.657339996668333,14,9.4,5.0,0.836401086598212
890,50,4.3156360275043,0.649473707590649,9,5.8,5.0,0.85663147283278
891,50,3.28207962557506,0.575260258759509,7,7.8,5.0,0.787232296898717
892,50,3.33426600705957,0.658164473318896,12,7.6,5.0,0.837542596346947
893,50,3.09739709852044,0.645594313954134,3,8.2,5.0,0.830420155280667
894,50,2.94407044355044,0.655493586540063,3,8.4,5.0,0.843525167997341
895,50,2.78028185428672,0.643194402798601,0,9.0,5.0,0.855779068016218
896,50,3.68550721090186,0.643721028374702,0,6.8,5.0,0.852114995121349
897,50,5.02181432273065,0.527512132822478,1,5.0,5.0,0.798195683227588
898,50,6.93249102405777,0.513156532844689,7,3.6,5.0,0.798175279015913
899,50,17.7455937975082,0.629140762951857,6,1.4,5.0,0.791443547305259
900,50,11.3640577296753,0.652002554278416,11,2.2,5.0,0.860548308570209
901,50,8.89721863595411,0.576551946249098,2,2.8,5.0,0.81238097219066
902,50,5.01762304646227,0.630077072574824,18,5.0,5.0,0.8416401171793
903,50,4.61164022051096,0.611844855350103,3,5.4,5.0,0.834135037190652
904,50,2.85554814979048,0.57912377144761,1,8.8,5.0,0.822992799209947
905,50,3.11657230824578,0.541220611916264,4,8.0,5.0,0.811473889221291
906,50,3.62031586794481,0.584032761397079,16,7.0,5.0,0.805647870757009
907,50,4.43275651930523,0.545597423510467,8,5.6,5.0,0.799899675233363
908,50,2.98081148844878,0.541266922094508,7,8.4,5.0,0.813746914874657
909,50,3.92612876332287,0.57373402187795,8,6.4,5.0,0.817798828304963
910,50,3.46687603268833,0.545773335554445,7,7.2,5.0,0.815118678242753
911,50,2.89804868602716,0.686227219723472,8,8.6,5.0,0.869181456159835
912,50,2.76060236020395,0.691429729579655,2,9.2,5.0,0.851719171633676
913,50,3.29103049300455,0.616142262202232,1,7.6,5.0,0.845524271516281
914,50,3.85868371800405,0.657895718807263,4,6.4,5.0,0.835914407544882
915,50,4.81327376678457,0.665784663223943,5,5.2,5.0,0.862983577734819
916,50,5.68493360604475,0.645845743794769,20,4.4,5.0,0.856474848439527
917,50,6.28046660937662,0.695560775167971,13,4.0,5.0,0.860484807333677
918,50,3.92192083119378,0.606157032594814,9,6.4,5.0,0.833205386370681
919,50,2.91065056244635,0.581851962907435,6,8.6,5.0,0.830544562767628
920,50,2.41565879898579,0.600387139763452,1,10.2,5.0,0.819684930320685
921,50,2.37164658006393,0.649220834027431,6,10.6,5.0,0.851897225398326
922,50,2.5332472203797,0.498067410739075,1,9.8,5.0,0.788749273087726
923,50,3.56298486884155,0.560696984840913,3,7.0,5.0,0.819254991664225
924,50,5.4642284620382,0.557333999666833,7,4.6,5.0,0.805771442383985
925,50,7.33103628703127,0.553974012993503,2,3.4,5.0,0.808728394891407
926,50,6.91133304919882,0.52957510133822,1,3.6,5.0,0.792599939892764
927,50,6.53724434158169,0.519456716086401,6,3.8,5.0,0.783762581469224
928,50,8.92309789835531,0.578896551724138,5,2.8,5.0,0.828292380324157
929,50,6.59684174738043,0.65885212949081,8,3.8,5.0,0.852992971692177
930,50,5.96412863710538,0.573537120328725,13,4.2,5.0,0.822448080915691
931,50,5.66775058091485,0.608088289188739,1,4.4,5.0,0.834911846624002
932,50,3.78066831547619,0.538584374479427,2,6.6,5.0,0.811138437464407
933,50,3.80495611288559,0.533668943306125,17,6.6,5.0,0.803393225357069
934,50,4.3189370305598,0.633071686379033,19,5.8,5.0,0.848117270815772
935,50,3.17532583867719,0.63906291298795,7,8.2,5.0,0.78822689089049
936,50,2.40131408503096,0.571224720972847,0,10.4,5.0,0.826974484173289
937,50,2.45894524648586,0.604645232939086,0,9.2,5.0,0.718636570586104
938,50,2.78218119065997,0.622218779499139,7,9.0,5.0,0.846257047136803
939,50,2.86994920466477,0.59111644177911,12,8.6,5.0,0.815023305020828
940,50,3.8021696658466,0.548491976234105,10,6.6,5.0,0.810943074937336
941,50,4.76304142165702,0.591087123105114,7,5.2,5.0,0.810789409144882
942,50,4.31108834073765,0.641585651618635,10,5.8,5.0,0.856188484186026
943,50,3.45770450727138,0.62759886723305,8,7.2,5.0,0.84245356658952
944,50,2.70000717763498,0.633252484868677,0,9.2,5.0,0.843048744285941
945,50,2.90805747291228,0.688167249708479,7,9.4,5.0,0.75585013485698
946,50,3.52619278507436,0.532036648342495,9,7.0,5.0,0.786847817883143
947,50,3.88573356984146,0.519365206285746,2,6.4,5.0,0.795683700957253
948,50,3.72107559033479,0.576461547004276,4,6.8,5.0,0.804964407297815
949,50,4.94934523644999,0.548253650952302,10,5.2,5.0,0.744855230632609
950,50,5.66879465894817,0.544333388861125,6,4.4,5.0,0.810019700891297
951,50,3.89888382565021,0.633450496973735,4,6.4,5.0,0.848992812422689
952,50,4.07271388187416,0.686918429674052,3,6.2,5.0,0.851437701852196
953,50,4.82481284460583,0.596549614081848,5,5.2,5.0,0.828520431175678
954,50,4.60852700658709,0.597672941307124,13,5.4,5.0,0.826669273696092
955,50,4.4706230790957,0.645582764173469,11,5.6,5.0,0.854454632430266
956,50,4.00703269886766,0.578448220334277,5,6.2,5.0,0.816616466387913
957,50,3.55943040195853,0.630674662668666,17,7.2,5.0,0.804142091696743
958,50,3.41107599979117,0.595864401132767,2,7.4,5.0,0.819348357315053
959,50,2.42106576385992,0.645581875728802,6,10.2,5.0,0.840805308513167
960,50,2.63234620419085,0.548077849963907,0,9.6,5.0,0.802786811066144
961,50,2.99431685374112,0.544837136987062,10,8.2,5.0,0.786944521474028
962,50,4.19709247626031,0.550574379476928,11,6.0,5.0,0.802513303474854
963,50,3.55513099619819,0.523408740074407,6,7.0,5.0,0.799741761912192
964,50,4.28231821900971,0.586578155366761,6,5.8,5.0,0.818273742694384
965,50,3.70921460625525,0.58959953356655,9,6.6,5.0,0.792083368291183
966,50,3.76708975556692,0.545505025265145,5,6.6,5.0,0.80598261973217
967,50,2.99462816498268,0.524706202454328,1,8.4,5.0,0.799020143874826
968,50,3.37240955544104,0.587982897440169,4,7.4,5.0,0.831633114393811
969,50,4.59927274435851,0.570047642845244,15,5.4,5.0,0.810341559400116
970,50,5.00545866641722,0.516748958853906,6,5.0,5.0,0.803442164817543
971,50,3.61180672217071,0.509378977178078,13,6.8,5.0,0.767309742800003
972,50,4.02481969564148,0.567059803431618,1,6.2,5.0,0.822393852403562
973,50,3.18281816376282,0.506044311177745,9,7.8,5.0,0.789323825360967
974,50,3.18999593529291,0.544817702259981,6,7.8,5.0,0.808983062313363
975,50,2.83654831913997,0.559720473096785,2,8.8,5.0,0.821283086454514
976,50,3.6300540000846,0.624008551279916,7,7.0,5.0,0.816376126958682
977,50,3.99064872009957,0.560432006219113,5,6.2,5.0,0.800204501848657
978,50,4.98445107905509,0.638270975623299,4,5.0,5.0,0.846121877891857
979,50,4.28669246928407,0.61168115942029,8,5.8,5.0,0.830808953683148
980,50,5.27779042320202,0.645607418512966,9,4.8,5.0,0.819275293834997
981,50,4.8005801883716,0.564801377089233,9,5.2,5.0,0.821683414248675
982,50,3.75529441374309,0.705396857126992,5,6.6,5.0,0.863225061247937
983,50,3.61933080974,0.757452829140985,0,7.0,5.0,0.875553627885119
984,50,3.58036256780454,0.68645666055861,3,7.0,5.0,0.869269731874923
985,50,4.02652119545113,0.645230051640846,3,6.2,5.0,0.854669533441632
986,50,4.79375206235206,0.61837470153812,4,5.2,5.0,0.839100728863137
987,50,6.26265716732055,0.614763840302071,6,4.0,5.0,0.838406156588892
988,50,8.32149461090524,0.577327003165084,3,3.0,5.0,0.8239106773363
989,50,7.78778988485667,0.688841579210395,25,3.2,5.0,0.861068082179765
990,50,6.57735853762576,0.666310844577711,5,3.8,5.0,0.865572551554011
991,50,3.0565776592117,0.637285246265756,2,8.2,5.0,0.850271990996985
992,50,2.97472058221043,0.692497306902105,8,8.6,5.0,0.838931456333202
993,50,3.0457607250865,0.725596979288134,10,8.2,5.0,0.888432389008087
994,50,2.9495921424392,0.652685990338164,0,8.6,5.0,0.836550262606197
995,50,2.51964528473896,0.573263257260259,2,10.0,5.0,0.817745232856412
996,50,4.94492923092461,0.589206174690433,8,5.0,5.0,0.804364702012056
997,50,5.68286250558754,0.464578155366761,5,4.4,5.0,0.785205321560766
998,50,4.45321880341498,0.527477705591649,14,5.6,5.0,0.804423617298917
999,50,4.97230262987641,0.540307623965795,8,5.0,5.0,0.799952509340052
1000,50,4.34313794463211,0.540971292131712,5,5.8,5.0,0.797337393066902
1001,50,3.39431275047439,0.622709645177411,4,7.4,5.0,0.83967318780235
1002,50,3.12544506913478,0.59405752679216,0,8.0,5.0,0.837356088035509
1003,50,3.52779866036134,0.629261147204176,11,7.2,5.0,0.820114265404245
1004,50,4.03267018906639,0.536328502415459,5,6.2,5.0,0.814284228097182
1005,50,4.45597517394071,0.542442334388361,20,5.6,5.0,0.81203170691611
1006,50,4.99712867029531,0.610421678049864,4,5.0,5.0,0.842450805979376
1007,50,3.11940824234127,0.628705647176412,4,8.0,5.0,0.84814586064337
1008,50,3.13149388427961,0.573805097451274,2,8.0,5.0,0.825650847565778
1009,50,3.07078087639905,0.687488033760897,2,8.8,5.0,0.762850947665517
1010,50,3.58390257691604,0.585778999389194,13,7.0,5.0,0.826919406940298
1011,50,3.91380198772556,0.593853184518852,11,6.4,5.0,0.833044044236469
1012,50,5.02766947252126,0.610354822588706,6,5.0,5.0,0.827987237265169
1013,50,3.90849117450681,0.58468921095008,4,6.4,5.0,0.832533986684081
1014,50,3.67819028269015,0.529784107946027,7,6.8,5.0,0.81088359786073
1015,50,3.46520710772265,0.623714253984119,12,7.2,5.0,0.84530595421067
1016,50,2.89612313255547,0.616927536231884,0,8.2,5.0,0.767307316871523
1017,50,3.11805994514359,0.569229607418513,1,8.0,5.0,0.823556509582988
1018,50,4.31879845868283,0.554782608695652,8,5.8,5.0,0.816883383858587
1019,50,5.19825301888877,0.552900327613971,13,4.8,5.0,0.815172301702184
1020,50,4.44754045624389,0.537106779943362,2,5.6,5.0,0.804961028445168
1021,50,3.64235653251683,0.578687656171914,2,6.8,5.0,0.811681855814523
1022,50,5.25080892396759,0.543594091842967,4,4.8,5.0,0.792990680286464
1023,50,4.77783901188955,0.5974640457549,10,5.2,5.0,0.821592871783043
1024,50,4.2956549378364,0.641039924482203,0,5.8,5.0,0.847729637218726
1025,50,4.03623532455531,0.557253040146593,8,6.2,5.0,0.82052431356604
1026,50,6.92128886245722,0.570701427064246,16,3.6,5.0,0.814701649908048
1027,50,5.1898690110587,0.5957303570437,5,4.8,5.0,0.827414399112275
1028,50,3.38556489002465,0.615098339719029,1,7.6,5.0,0.793439039619806
1029,50,3.7377395167135,0.612141484813149,4,7.8,5.0,0.636345287696737
1030,50,4.15630555063102,0.578483758120939,4,6.0,5.0,0.825240584527616
1031,50,3.67298891505981,0.561198289744017,8,6.8,5.0,0.822397560044862
1032,50,4.12850709908019,0.529418512965739,2,6.0,5.0,0.789713241812562
1033,50,5.69135816827783,0.556205563884724,3,4.4,5.0,0.816812324711156
1034,50,6.49611295681202,0.590129157643401,13,3.8,5.0,0.790153002663991
1035,50,5.90502841608592,0.635486034760398,6,4.2,5.0,0.827067423239546
1036,50,4.19465838904197,0.636075850963407,8,6.0,5.0,0.838092627170977
1037,50,3.94003042081845,0.659881170525848,11,6.4,5.0,0.844346512434365
1038,50,3.88733720409864,0.630961075018046,5,6.4,5.0,0.841247385106049
1039,50,3.04902093395555,0.675434838136487,3,8.2,5.0,0.870029702241474
1040,50,2.92352211349068,0.668699983341662,1,8.6,5.0,0.857714347430941
1041,50,3.82749911822709,0.580175800988395,14,6.6,5.0,0.809204090714567
1042,50,4.45128860272392,0.562670331500916,3,5.6,5.0,0.81736992033863
1043,50,3.65772594031112,0.528882336609473,8,6.8,5.0,0.800513084246237
1044,50,4.81273113746758,0.530015547781665,2,5.2,5.0,0.808998078629531
1045,50,4.32602455126841,0.623046920983952,9,5.8,5.0,0.83995616869643
1046,50,4.504138690725,0.575965572769171,5,5.6,5.0,0.807390876290567
1047,50,3.39172333285419,0.681169415292354,12,7.2,5.0,0.827766809974434
1048,50,4.63243447025654,0.674280526403465,3,5.4,5.0,0.868034013228294
1049,50,3.42239445353839,0.761101893497696,1,7.2,5.0,0.875963075144267
1050,50,4.06637452744253,0.679658281970126,12,6.2,5.0,0.852068755909267
1051,50,4.14719195475185,0.642899439169304,3,6.0,5.0,0.845698160551308
1052,50,3.80532653768726,0.69234560497529,1,6.6,5.0,0.866649114611943
1053,50,4.05790781473053,0.637632628130379,4,6.2,5.0,0.84004807479303
1054,50,6.17931598613641,0.722328280304292,2,4.0,5.0,0.849320737174646
1055,50,5.97102914701166,0.61711844077961,6,4.2,5.0,0.835863293137939
1056,50,5.64404766159398,0.675326892109501,8,4.4,5.0,0.848293258012294
1057,50,7.81167210157683,0.656082736409573,7,3.2,5.0,0.861936766405537
